AccelX,GyroZ,Temp,GPS
9.934283060224653739e-03,1.399355436586002116e-02,2.479744651750768725e+01,3.122998092192442243e+01
-2.765286023423693153e-03,1.050419861300179447e-02,2.495664439878534324e+01,3.123000139614989124e+01
1.295377076201384946e-02,3.111828238139326477e-03,2.476227402370001229e+01,3.123001586394466500e+01
3.046059712816050896e-02,-2.696578509184021158e-03,2.490761154110828812e+01,3.123004887687657316e+01
-4.683067494466719265e-03,1.201169017247251739e-02,2.443191559991386441e+01,3.123004556553124544e+01
-4.682739138983611077e-03,1.022018285866569016e-02,2.506398811221188083e+01,3.123003664518430966e+01
3.158425631014782908e-02,1.649213865851748353e-02,2.500036164260866656e+01,3.123006486036289431e+01
1.534869458305817592e-02,1.514560885792582204e-02,2.475487341067954361e+01,3.123005452696011019e+01
-9.389487718699043167e-03,2.054171093841014595e-02,2.519777370052972287e+01,3.123009082691054061e+01
1.085120087171929405e-02,5.944535027301603609e-03,2.528127104128796887e+01,3.123008528875348233e+01
-9.268353856249245126e-03,2.571974367437285941e-02,2.451773204068930667e+01,3.123009906363811439e+01
-9.314595071405137178e-03,1.576872984418935600e-02,2.477118256643013439e+01,3.123012325796647559e+01
4.839245431320682127e-03,3.579009090764632278e-02,2.476925729506380947e+01,3.123010712836431324e+01
-3.826560489315596059e-02,9.387973035613752376e-03,2.471802906966734170e+01,3.123011602881814852e+01
-3.449835665026065867e-02,3.487928235683938893e-02,2.524884245257952387e+01,3.123013416400673492e+01
-1.124575058481945382e-02,2.073577317221019650e-02,2.494185215836816027e+01,3.123016038378851178e+01
-2.025662240668847647e-02,1.347653848633597468e-02,2.492064554760681716e+01,3.123014480653924707e+01
6.284946651905477973e-03,1.638275027770757022e-02,2.439884129067797502e+01,3.123014167844402067e+01
-1.816048151042421940e-02,1.924566778181405896e-02,2.519062540906276837e+01,3.123017548841141533e+01
-2.824607402670583148e-02,2.791478049318714058e-02,2.462822248154395766e+01,3.123019551740799926e+01
2.931297537843108314e-02,3.012171032704415857e-02,2.501797978907989872e+01,3.123021200261749897e+01
-4.515526009730713372e-03,2.037265100182303335e-02,2.508321308138745920e+01,3.123020536838637895e+01
1.350564093758476738e-03,2.707826943823675794e-02,2.540819757875159368e+01,3.123021588573392648e+01
-2.849496372426913587e-02,4.995236019352361501e-02,2.460735388026426662e+01,3.123024153900734134e+01
-1.088765449050365340e-02,4.700841536772434187e-02,2.409414635325375187e+01,3.123022130258300422e+01
2.218451794197321813e-03,3.529484283562721314e-02,2.505515486342610743e+01,3.123024611479225143e+01
-2.301987154844605671e-02,3.250536915009637207e-02,2.554015335445325618e+01,3.123026190423890114e+01
7.513960366913438951e-03,3.451429274138836933e-02,2.537168390588183087e+01,3.123027449218721330e+01
-1.201277379837610050e-02,4.063253310676321478e-02,2.506289782458238946e+01,3.123027490193306832e+01
-5.833874995865536046e-03,2.544734318943911444e-02,2.485250914431038538e+01,3.123029034441011831e+01
-1.203413224458793791e-02,3.427377410679154079e-02,2.524213677899119190e+01,3.123027511672646384e+01
3.704556369017875800e-02,2.132813907358377392e-02,2.470793614008865902e+01,3.123030341751587713e+01
-2.699444947586784058e-04,4.316663649809252684e-02,2.514290733080686735e+01,3.123032453508712436e+01
-2.115421857911800596e-02,4.680059164542553496e-02,2.515164104774998677e+01,3.123032017705966012e+01
1.645089824206378074e-02,3.664461348754696063e-02,2.531806297224966329e+01,3.123034058984221772e+01
-2.441687299942044490e-02,5.835762887014386141e-02,2.582789801167332300e+01,3.123035446872501097e+01
4.177271900095108452e-03,3.149464441566701689e-02,2.511772479015363047e+01,3.123035657450799363e+01
-3.919340247759551393e-02,3.023616921794801057e-02,2.484731091228774957e+01,3.123037170463771162e+01
-2.656372097796861134e-02,4.824495192546081335e-02,2.499232770634240097e+01,3.123037037267434712e+01
3.937224717382470721e-03,5.758465393442332991e-02,2.446927722853326514e+01,3.123038793388720435e+01
1.476933159990820831e-02,6.505873029478345670e-02,2.479158606067328208e+01,3.123040610216169455e+01
3.427365623799410056e-03,4.472876356125803782e-02,2.487721526856606857e+01,3.123041156972960763e+01
-2.312965647764810700e-03,6.119476391344541577e-02,2.484277348061962343e+01,3.123041413468730454e+01
-6.022073911785775537e-03,5.110524432907419257e-02,2.504570646161011638e+01,3.123043224216404568e+01
-2.957043980734854957e-02,5.083828226372388154e-02,2.475327402028533896e+01,3.123044714609790873e+01
-1.439688416789417294e-02,6.246706369860496183e-02,2.533630920019734134e+01,3.123042950058721701e+01
-9.212775419195750465e-03,6.121111633349693437e-02,2.500006211947545864e+01,3.123047159074064894e+01
2.114244452437831490e-02,3.997273605632171989e-02,2.499720990365841544e+01,3.123046663745261498e+01
6.872365791369228032e-03,7.154201210672973821e-02,2.490163158504612539e+01,3.123048425489933067e+01
-3.526080310725467765e-02,7.160848949151159271e-02,2.504655720515769346e+01,3.123050197246923432e+01
6.481679387895900035e-03,5.257376950498521273e-02,2.524752947940029202e+01,3.123048628326302634e+01
-7.701645608326331167e-03,6.379994397346677726e-02,2.473986093528672825e+01,3.123050290558997588e+01
-1.353844000611917515e-02,6.578525396224908783e-02,2.480256505327742289e+01,3.123051711451304158e+01
1.223352577681735727e-02,6.444510584986060109e-02,2.490888219136699888e+01,3.123052216246479063e+01
2.061999044991901994e-02,5.731894819111003209e-02,2.459623872295803437e+01,3.123055734936576044e+01
1.862560238232397261e-02,5.707945739593066337e-02,2.475422264208355116e+01,3.123054143227906110e+01
-1.678435046445277135e-02,6.450374745382495001e-02,2.485713373793660352e+01,3.123055444453220630e+01
-6.184247517024291790e-03,7.743992871951251022e-02,2.526231675421381695e+01,3.123057204389031583e+01
6.625268628071279142e-03,7.209159286418152790e-02,2.507876839870057850e+01,3.123056797850473743e+01
1.951090254244718450e-02,6.388185401540684427e-02,2.505807697341026241e+01,3.123058604319288278e+01
-9.583484756905799942e-03,7.622669615486153682e-02,2.525526938865039028e+01,3.123060317453261092e+01
-3.713179533276342401e-03,4.093515440777149156e-02,2.495878846348018243e+01,3.123060667139595381e+01
-2.212669948012056451e-02,8.180812491178941770e-02,2.511713945497866618e+01,3.123061906613141403e+01
-2.392413248161341655e-02,5.381209075532153441e-02,2.496903347412025198e+01,3.123062470667887780e+01
1.625051644788396213e-02,6.846231247842718415e-02,2.507960870481988991e+01,3.123062485529690946e+01
2.712480057141646028e-02,6.175611016595740355e-02,2.482517240271652526e+01,3.123065321593211507e+01
-1.440202431606677066e-03,6.086053840602483056e-02,2.426835485251707070e+01,3.123067754933071782e+01
2.007065795784048270e-02,8.625848670659037876e-02,2.495971625134410843e+01,3.123067018401630790e+01
7.232720500952682756e-03,7.080426074296096439e-02,2.542682444082998217e+01,3.123068225264117359e+01
-1.290239509210248589e-02,7.976542225445988621e-02,2.527786462067247797e+01,3.123069692722755164e+01
7.227912110168278545e-03,7.663821548108062931e-02,2.528961924537735229e+01,3.123068730669503168e+01
3.076073132931938375e-02,8.267266683058033250e-02,2.537083921654186369e+01,3.123072702514658161e+01
-7.165207821990308111e-04,7.945298844776155223e-02,2.502659727728843109e+01,3.123072202328796720e+01
3.129287311628012325e-02,6.662490814935867478e-02,2.505919471222167871e+01,3.123074631856899330e+01
-5.239490208179489045e-02,9.017498746997577863e-02,2.481470443136969450e+01,3.123073266967004713e+01
1.643805008750447855e-02,7.601955050246127221e-02,2.490517814319188616e+01,3.123076818061922566e+01
1.740941364763424516e-03,6.612328473269303564e-02,2.518473134493134324e+01,3.123076775155493934e+01
-5.980147009317349736e-03,7.812701400067731394e-02,2.536116533115064442e+01,3.123077553040085874e+01
1.835215530710046072e-03,9.812178613791246173e-02,2.495816611729570056e+01,3.123078234024454147e+01
-3.975137829201785822e-02,9.230927729165756823e-02,2.486494322054457484e+01,3.123078751471381764e+01
-4.393437756750238898e-03,8.100014955150318385e-02,2.500015838765697751e+01,3.123081200531658297e+01
7.142251430234928047e-03,8.166033673014683192e-02,2.518036202467873608e+01,3.123081140359870034e+01
2.955788089483032260e-02,8.258933257339493017e-02,2.456684355515993801e+01,3.123080032930296568e+01
-1.036540436547294872e-02,1.072123553815949037e-01,2.431114571405882785e+01,3.123081882813538357e+01
-1.616987205786375378e-02,9.088974453882828208e-02,2.483483894515252643e+01,3.123083814154247762e+01
-1.003514087169073143e-02,9.198254399522605429e-02,2.463378627222575190e+01,3.123085309998983305e+01
1.830804235404148370e-02,9.858282581278038359e-02,2.484755794070580848e+01,3.123085943411511067e+01
6.575022193193689156e-03,9.125177825550072341e-02,2.495566590435475973e+01,3.123088218970789853e+01
-1.059520407534077571e-02,8.684329985489569470e-02,2.486402547729309731e+01,3.123086048898136013e+01
1.026534866226712188e-02,8.802590656148204240e-02,2.543574026034122326e+01,3.123089143587936434e+01
1.941550986960807789e-03,8.981483736411902119e-02,2.509802342938069586e+01,3.123088182020774894e+01
1.937289981065778641e-02,9.068574799410514253e-02,2.509014230788324795e+01,3.123091759712295712e+01
-1.404106187754704770e-02,9.884697828638672190e-02,2.518666214321302022e+01,3.123091905541285840e+01
-6.553242931955364364e-03,9.258836516335929023e-02,2.465835006466576829e+01,3.123093419609972088e+01
-7.842163062643152036e-03,9.987896266432358394e-02,2.531173353622607891e+01,3.123093136117039492e+01
-2.927029896264237221e-02,9.221440728177460189e-02,2.497727071403936350e+01,3.123096279464931513e+01
5.922405541291521532e-03,9.426221756987601674e-02,2.520114418517236388e+01,3.123097041724664180e+01
5.221105443597786298e-03,7.393336091665569931e-02,2.467844283008795259e+01,3.123097583544302935e+01
1.022691328492177982e-04,1.035032865741829372e-01,2.453387237019517997e+01,3.123097870482753180e+01
-4.691742667502938821e-03,9.821460943102290619e-02,2.524536689740750717e+01,3.123099579857285590e+01
-2.830741484100828681e-02,1.051245485669141944e-01,2.511292285782925404e+01,3.123099293107432217e+01
-8.412906455307180356e-03,6.656156197789180051e-02,2.472938453369274825e+01,3.123101855555659156e+01
-6.854290330535389719e-03,1.167724165202722597e-01,2.473910107561759020e+01,3.123103649480894362e+01
-1.604554538443237963e-02,9.484215464211161184e-02,2.533763043532443149e+01,3.123104070610559901e+01
-3.225714233320182804e-03,1.076540329989106315e-01,2.464317643213979991e+01,3.123103270397530196e+01
8.081017136290767969e-03,8.649201905235964771e-02,2.549280188597678887e+01,3.123105361417317383e+01
3.772371802421060211e-02,1.033223599958490446e-01,2.472981377960563876e+01,3.123104706858456225e+01
3.491556256636779362e-03,8.694862903571684565e-02,2.519151757768251443e+01,3.123107572390311049e+01
5.151007814455287048e-03,9.151783428781057328e-02,2.490141445727530467e+01,3.123108450603412578e+01
-1.488918315323344357e-03,1.171531090108855200e-01,2.518095622932470334e+01,3.123107130183660729e+01
-3.837542430598082921e-02,9.634773468462931589e-02,2.483676579936574313e+01,3.123108838216156258e+01
-5.302775089843375384e-04,1.006551040330180280e-01,2.495116212817831070e+01,3.123110716861103242e+01
1.204604198820528795e-03,1.073920868122035521e-01,2.501227575261871650e+01,3.123111699140252995e+01
4.926484224970572451e-02,1.038432468560696181e-01,2.469934376326555991e+01,3.123111790523064712e+01
-3.847219295622450377e-03,1.005699889083789406e-01,2.522224730362603751e+01,3.123114388978729394e+01
6.030946846672249374e-03,1.028791067901436290e-01,2.484603593005852318e+01,3.123115251473608822e+01
-6.942353941048662238e-04,1.234116486529251711e-01,2.493142002539799407e+01,3.123115805730867933e+01
-2.337356075239064093e-02,9.893357657469074862e-02,2.470169518761744598e+01,3.123116244208499737e+01
2.285645629030041287e-02,1.016372815370051030e-01,2.423129990236140685e+01,3.123119048707126666e+01
1.503866065373548298e-02,1.102335978973593977e-01,2.494269167121995068e+01,3.123120655407113233e+01
1.582063894086093922e-02,1.108672965333944715e-01,2.572378462648387654e+01,3.123119516438516285e+01
-1.818774909589477781e-02,1.117515304783307240e-01,2.523538128636940669e+01,3.123120387833083100e+01
2.805588621872198360e-02,1.063219158664899522e-01,2.499422188607968209e+01,3.123122491207665519e+01
-2.803702125584561777e-02,8.854213829973404948e-02,2.492113275123751848e+01,3.123122641970620350e+01
1.173714187600540665e-02,1.163282581430403473e-01,2.500673976784361230e+01,3.123123860602799340e+01
4.380911251619957342e-02,8.853642245267286104e-02,2.516413573455256270e+01,3.123125739653151811e+01
-1.981072650261376730e-02,1.030163418290652305e-01,2.464575615540734788e+01,3.123124090643912254e+01
-1.132595459205543859e-02,9.242151826602941489e-02,2.533429650840066216e+01,3.123128318302324757e+01
1.993027301752824630e-03,9.928136575367801919e-02,2.521461439463237397e+01,3.123128072680524525e+01
-1.006951308232398486e-02,1.031530352106804632e-01,2.521545571771238059e+01,3.123128588506855507e+01
-3.101326862132265313e-02,1.030058436573270536e-01,2.513154272164291925e+01,3.123129910765845807e+01
1.371259496120546661e-03,1.039225495202218685e-01,2.500588499730819692e+01,3.123130962429355151e+01
-2.124607427452209971e-02,1.157357492944969118e-01,2.520185837079004543e+01,3.123130268798696463e+01
9.471848612703632347e-03,1.040135149633983347e-01,2.517754424012241188e+01,3.123134494938227590e+01
-1.838848468467606245e-02,9.690040071887458251e-02,2.489378778671769155e+01,3.123134041325632282e+01
3.099868810035079011e-02,1.088309152087712783e-01,2.482791946813092920e+01,3.123135443002130529e+01
-1.566506584672474126e-02,1.109171302383662738e-01,2.503055688857859451e+01,3.123136951549770401e+01
-6.441230324113512117e-03,8.656306091197736585e-02,2.546470604544855476e+01,3.123135978837542481e+01
1.627034434739339439e-02,1.046142143680700576e-01,2.462826787730383060e+01,3.123138473471899346e+01
-2.461728632867910341e-02,1.054374080664458591e-01,2.455974242027426868e+01,3.123138732358909309e+01
4.549198692082588244e-03,9.521993889615075479e-02,2.504942825237095505e+01,3.123140846770775170e+01
2.614285508564856420e-02,1.117069980712278449e-01,2.501526631055680383e+01,3.123138872772579688e+01
-3.214966469122455123e-02,9.618823166582399220e-02,2.505200249931112211e+01,3.123141900905699586e+01
3.692677170646084181e-03,9.866795257858905488e-02,2.507318595937255168e+01,3.123142397179344343e+01
5.197655884968470710e-03,9.538945698419894204e-02,2.493303932360955955e+01,3.123144432262950687e+01
1.563645743554620618e-02,9.696858576602657154e-02,2.544695903158062578e+01,3.123145470044187277e+01
-2.473901421756163899e-02,8.552734600052189218e-02,2.451972880645704578e+01,3.123145292374104898e+01
-2.640913226168552577e-02,8.175162219876960790e-02,2.475145089256592712e+01,3.123146287826136103e+01
1.043883131233795322e-02,1.117440018637986254e-01,2.496902357195528666e+01,3.123147889334631699e+01
5.939693464663720925e-03,8.696099988969160921e-02,2.450704335665374956e+01,3.123148103357772598e+01
5.009857006917531157e-03,8.513325223544808418e-02,2.494724367867037884e+01,3.123150841983695614e+01
6.928964189939513900e-03,7.311479783744812000e-02,2.549844104971840508e+01,3.123150630792799731e+01
-1.360049443156981577e-02,8.784562867653684937e-02,2.500626594648878864e+01,3.123149093011780764e+01
4.645073943220071055e-03,8.057598475554160478e-02,2.506921027171560468e+01,3.123152625177943165e+01
5.861449465973625483e-03,1.097838279624483160e-01,2.462195057044822732e+01,3.123152961456179000e+01
-1.428702836052735646e-02,1.030038681888626323e-01,2.481509157758815576e+01,3.123153368724184276e+01
3.731549022289513268e-02,8.555151450595360751e-02,2.488744108590281812e+01,3.123154762573361864e+01
9.476658418235750503e-03,1.144700711924636488e-01,2.490468547097313134e+01,3.123157109408472110e+01
-2.382606994405297302e-02,1.012615148144325322e-01,2.538449313850113143e+01,3.123159328640828392e+01
1.313107217267659409e-02,8.767922394630263405e-02,2.516730731821753864e+01,3.123159313184473973e+01
-1.949363340454643087e-02,6.540277119746588930e-02,2.466656261291889152e+01,3.123159393496611713e+01
1.574169207484904173e-02,1.127612413378941553e-01,2.507395143352960076e+01,3.123161455904195094e+01
2.317191158014808225e-02,7.539686114732090105e-02,2.514946652454903386e+01,3.123161540909689649e+01
-1.641364636703420907e-02,7.226523997129151444e-02,2.534204471155637961e+01,3.123162305399630867e+01
1.926752258488643663e-02,9.835753553107712266e-02,2.547416220597051151e+01,3.123162845637331486e+01
8.255618538729966177e-03,1.119280141311740362e-01,2.469547174245164101e+01,3.123163248171193374e+01
1.644120319988980061e-02,1.007580273453050901e-01,2.475674274663689900e+01,3.123165610076293675e+01
3.793585965307894742e-02,9.192544702911671639e-02,2.462272664232561681e+01,3.123167158053490056e+01
-4.907762320057409804e-03,9.159130300598747332e-02,2.492979404226790408e+01,3.123167903376329946e+01
-1.507472328714979173e-02,9.352176770687174734e-02,2.513990751233389886e+01,3.123168584033071937e+01
-1.779028859251046563e-02,9.190730313648991234e-02,2.529620035497672959e+01,3.123169054253939336e+01
-1.631620569930876744e-02,8.644699513627138177e-02,2.497721469290724272e+01,3.123171608246191511e+01
-1.542034188282084004e-03,8.398092219202704656e-02,2.490404574302354845e+01,3.123170682868079950e+01
6.823039496332877936e-03,8.160368688088573408e-02,2.504552739767462199e+01,3.123173776027913817e+01
5.533815986600381341e-03,7.396766825995948480e-02,2.474945712951099352e+01,3.123172997782980786e+01
1.654366498072047664e-02,7.796536263871298167e-02,2.562686161650843175e+01,3.123174247564762851e+01
2.600378375581403737e-04,6.309456412344935372e-02,2.451770169186458403e+01,3.123174533214809401e+01
2.907068154314633793e-02,7.828009280622098831e-02,2.505542217366871682e+01,3.123176498597853268e+01
-5.293136664759121382e-03,6.860439311713129040e-02,2.560708186576889034e+01,3.123178975312458405e+01
5.440338333179237790e-02,6.666880677607116279e-02,2.500203995336799778e+01,3.123179515628088510e+01
1.251334695530012531e-02,7.870574216896648878e-02,2.494298828949955293e+01,3.123180978422112020e+01
-1.714315112832565102e-02,9.001675542961277976e-02,2.489276637315687069e+01,3.123181522142546029e+01
-2.141784996122224685e-02,8.445778990981864243e-02,2.494588249547127745e+01,3.123180896330171308e+01
9.649448304863706902e-03,5.873559855261012430e-02,2.541185454240295982e+01,3.123182669210775586e+01
-4.469255706517017736e-03,6.369852538270696918e-02,2.433644142660114795e+01,3.123183219800871058e+01
1.428000988184184063e-02,8.214507603718704254e-02,2.546003011038889596e+01,3.123186330574904090e+01
9.464752491470896853e-03,6.204353855147076019e-02,2.457281285426495643e+01,3.123184803211353611e+01
-1.456578253137455481e-03,6.874175772947263563e-02,2.492000430122967458e+01,3.123187893697689432e+01
-1.693587436136809871e-02,7.559705466700529508e-02,2.487122667391040309e+01,3.123188892953870166e+01
-3.029694449371729201e-02,5.951044234911826575e-02,2.517656598093121545e+01,3.123190829620201825e+01
-8.930299041340421587e-03,6.933404677777851854e-02,2.452056269443487579e+01,3.123189590313407393e+01
1.712797588646944660e-02,5.401563773950456004e-02,2.513865179982458287e+01,3.123191712322159574e+01
4.281874882604078981e-03,6.040715964104927810e-02,2.560729288698605544e+01,3.123194281651836590e+01
-2.491477557423976003e-02,6.867308918539889728e-02,2.459104779862215651e+01,3.123192382358323016e+01
3.463618517023639952e-03,4.858940625855268092e-02,2.505691185028311807e+01,3.123192464959752712e+01
7.706347594576735613e-03,6.795795596404244354e-02,2.480140534666101715e+01,3.123193119989966249e+01
-1.767714872402266144e-02,6.238063969591377961e-02,2.512776616185790957e+01,3.123196712712028855e+01
3.074502118910558274e-03,6.711582490088945085e-02,2.500574433322472601e+01,3.123195116849791830e+01
1.164174368919997874e-03,6.283422896700145699e-02,2.480755392728670827e+01,3.123197627680946908e+01
-2.285940595661246216e-02,7.323106636312823325e-02,2.514636168546132211e+01,3.123199437313186877e+01
7.155747206965665588e-03,5.982705278066304672e-02,2.554130443293602326e+01,3.123200185175536703e+01
1.121569052736468876e-02,5.325662986573650309e-02,2.494272886248181109e+01,3.123201425444863943e+01
2.166102486350554232e-02,5.774043170686211923e-02,2.521592738264445543e+01,3.123202222289855712e+01
2.107604104069805973e-02,6.090826572877561240e-02,2.461201811263865125e+01,3.123204278865813421e+01
-2.755338735914182255e-02,5.491293716641496014e-02,2.471306908695459725e+01,3.123203047683619360e+01
-1.875650079830245773e-02,5.377069295225108542e-02,2.514172188336411295e+01,3.123204323004861749e+01
1.030070534417319543e-02,4.527685494351273154e-02,2.544523480856079090e+01,3.123205227340554657e+01
1.027571901824417613e-02,4.459148361980198871e-02,2.510668400463569938e+01,3.123207830191811851e+01
1.030095372612095835e-02,3.611005654076369920e-02,2.490608259084305232e+01,3.123208900398588383e+01
7.705462981309442461e-02,6.653956022351145694e-02,2.499978742162700485e+01,3.123209451225319100e+01
1.141781021386334069e-02,3.550508387496814633e-02,2.462487767980908515e+01,3.123211183493666709e+01
2.271131280361197990e-02,3.990700165530700755e-02,2.518135459790660846e+01,3.123209821959132526e+01
1.908003526986404644e-02,3.853690761221596761e-02,2.526469991869702270e+01,3.123213667224111489e+01
1.302782502611595991e-02,5.354791633795204925e-02,2.486437290015007662e+01,3.123214523238621965e+01
-6.305384892806912417e-03,4.051981133251933431e-02,2.485898735567214857e+01,3.123214735621997207e+01
1.517938440986534888e-02,5.481048633239079398e-02,2.507976346889561370e+01,3.123216781798908670e+01
-1.545650429075143620e-02,3.445521858196060050e-02,2.486898407918782183e+01,3.123214343376792357e+01
-4.736372134800177942e-03,4.283060823901842923e-02,2.498016021561225486e+01,3.123216475551863880e+01
-9.707270956582069246e-03,3.053140232654120989e-02,2.562991653674995618e+01,3.123217264696539175e+01
1.637482787726451125e-03,5.917441770801090684e-02,2.492589228977620053e+01,3.123219721479323852e+01
4.629317133347017610e-02,2.467902699222682128e-02,2.489249795439363311e+01,3.123218949859260363e+01
-3.734530385183496004e-02,3.847951901490415105e-02,2.480573745830945143e+01,3.123221757495149120e+01
1.372520380749026915e-02,4.053978314188787235e-02,2.522325759144998258e+01,3.123223370536144117e+01
-3.225431742379303302e-02,3.715529601459868769e-02,2.494563274803456920e+01,3.123223695202900174e+01
-9.438637315788669241e-03,2.997449490045380263e-02,2.480518808850357360e+01,3.123224283751023833e+01
2.177901193934732305e-02,2.933419496334412069e-02,2.539639120968190511e+01,3.123224012126659233e+01
1.285600381909255329e-03,2.987070025171931903e-02,2.542588090135409118e+01,3.123225153149033773e+01
-2.155489555858612280e-02,2.675809203111233561e-02,2.481987293027838959e+01,3.123228249618905394e+01
-1.430607418519936475e-02,3.665796325632732222e-02,2.444003801459181346e+01,3.123228779349003759e+01
1.359195497869351670e-02,4.791118695879856282e-02,2.530225410695107513e+01,3.123228960980480551e+01
-1.460733263434273350e-02,1.901374072530672213e-02,2.479461105227199980e+01,3.123229582090453960e+01
4.329171791639497592e-03,9.669439800634499829e-03,2.523718767974883193e+01,3.123228974192127083e+01
9.114367980762756987e-04,2.125976274864340571e-02,2.440896885468644939e+01,3.123230929147581492e+01
-1.303200695211634286e-02,4.671128667029997295e-02,2.526777920148979106e+01,3.123234911419087112e+01
4.287888178650651333e-02,1.164574846707324730e-02,2.463664842121576726e+01,3.123232719544429159e+01
1.267838044636022433e-02,3.483884873478992894e-02,2.521922923571995767e+01,3.123235189479821372e+01
-4.050285173315214260e-02,3.398695641718133681e-02,2.500428192035093033e+01,3.123237007443973212e+01
3.729086295388552973e-03,1.043361036167502962e-02,2.471381817418100724e+01,3.123235745077332126e+01
-1.323572929536775966e-02,2.041634125386691118e-02,2.487788910612196602e+01,3.123238184710474741e+01
1.704866669592447828e-02,2.976516423194384975e-02,2.520589553708700947e+01,3.123239937915537467e+01
-1.585041476865401214e-02,8.442475027970861370e-03,2.503176833593456863e+01,3.123240012499321594e+01
-2.294728829337980454e-03,8.948567553226401475e-03,2.517532389414174432e+01,3.123243868403055856e+01
1.009974557960914392e-02,3.916442697343850213e-03,2.559293217535464393e+01,3.123240331400741354e+01
1.731510388340242942e-02,-1.666974859377719914e-03,2.453072751648668515e+01,3.123244058728529993e+01
-2.400592814111552481e-02,7.338157413986677938e-04,2.548516377249058706e+01,3.123243827198262679e+01
-6.690024716818968042e-03,-6.267956179301530095e-03,2.503130678125696562e+01,3.123245771920154823e+01
-9.498906223219123410e-03,5.056191617822879472e-03,2.473036478550306327e+01,3.123246441307151500e+01
-1.306658465147423828e-02,-4.241211029404671345e-03,2.460090591227830359e+01,3.123246266843802843e+01
3.530908480562194168e-02,4.538997510530255568e-03,2.494326388276688888e+01,3.123248228996392228e+01
8.099634219219111267e-03,-1.461554923944656872e-02,2.527649503357733707e+01,3.123247142098548323e+01
-2.521767908670090319e-02,2.994329101370970646e-03,2.496173526388674091e+01,3.123250603247500834e+01
1.835723894109552237e-02,6.762985710385189912e-03,2.545334647907420589e+01,3.123251298158466227e+01
4.244312394025266666e-02,-2.276724223402631225e-02,2.456464729298453165e+01,3.123252638660168756e+01
2.064930521102293845e-02,-3.464542455954237182e-04,2.499637331564618492e+01,3.123254058118325105e+01
-3.038739931908026812e-02,6.933182525427199552e-03,2.462428196667606528e+01,3.123254367619840366e+01
-9.684681457325027346e-03,-1.869555954957407770e-02,2.510908956478748877e+01,3.123255148089419819e+01
2.533822298373245366e-02,8.871976711810107552e-03,2.526606621702919142e+01,3.123255118931663432e+01
-1.415338931237561555e-02,-4.916912175003589590e-03,2.487377146189568577e+01,3.123256287779236118e+01
8.876388562924568751e-03,-1.740913494080797291e-02,2.421873584301186000e+01,3.123259186734620130e+01
1.549268106858673645e-02,-1.216698218910002710e-02,2.505968444403894679e+01,3.123260436335405643e+01
-1.853860943156165897e-02,-7.274460402969624637e-03,2.513102156552005439e+01,3.123259761889563890e+01
-1.190507121236001643e-03,-1.334407927836779410e-02,2.512128842648850835e+01,3.123261046002747321e+01
-6.482534680138145322e-02,-9.960745265157902595e-03,2.537073465754664525e+01,3.123261095385625197e+01
-2.048775282668579764e-02,-2.579678458766496152e-02,2.467868389610528368e+01,3.123264172756845269e+01
-5.051363027863206220e-03,-1.613555887543677292e-02,2.520406483163513656e+01,3.123264665416823860e+01
-2.495566363929698980e-02,-3.320260947235620375e-02,2.535775225374339215e+01,3.123266941217436354e+01
3.264822607863270693e-02,-2.141100581616312351e-02,2.446642372479804450e+01,3.123265121676922718e+01
-2.860282755921265269e-02,-3.056789048915690976e-02,2.509589554777569376e+01,3.123266621992100767e+01
-8.800889733939675635e-03,-3.011077591350587793e-02,2.484874605069769871e+01,3.123268231445922538e+01
2.614811545721826974e-03,-1.161760659766919099e-02,2.497554319806950573e+01,3.123269646489537976e+01
2.882546578132231044e-02,-1.428470493256978578e-02,2.510430294506150162e+01,3.123269784332362420e+01
-2.871724302358878711e-02,-2.032170572258881064e-02,2.485383143076593271e+01,3.123270127038909649e+01
2.326327504309919081e-02,-3.854731608463317361e-02,2.479728757625151658e+01,3.123272881407529056e+01
2.046612203917409876e-04,-3.199500352417018745e-02,2.501024572524640632e+01,3.123273721135362635e+01
-1.963017302095902000e-02,-1.790211076138318799e-02,2.467382621834115852e+01,3.123273083725899468e+01
9.242069485265414983e-03,-2.981333528674986674e-02,2.467425246133444361e+01,3.123276355442801133e+01
3.981193911469400881e-03,-9.229684148620114631e-03,2.520381198488695063e+01,3.123277170198709030e+01
-1.200433754317589349e-02,-2.967714606027784668e-02,2.465536178945240309e+01,3.123277134296496982e+01
1.396041699800378228e-03,-3.287186010452801399e-02,2.519989375027276424e+01,3.123278079597862344e+01
-7.706271937235204157e-03,-3.906003760647856760e-02,2.513877738785618376e+01,3.123279554057771179e+01
2.270346905024960699e-03,-3.580429433293396552e-02,2.448225798136282094e+01,3.123279138296929958e+01
1.324261349042093333e-02,-3.982935562412218133e-02,2.479673060429930231e+01,3.123281030031479233e+01
3.172033632290704314e-02,-3.238246350805815132e-02,2.535823282091421049e+01,3.123279847616455385e+01
-2.475630997653698040e-02,-3.104917588750136237e-02,2.470565034065809584e+01,3.123283876455645469e+01
4.266066749312533157e-02,-4.962231582572614041e-02,2.486067872130718470e+01,3.123282438506777581e+01
-3.904175599045003886e-02,-5.621436494181041715e-02,2.513861826797556986e+01,3.123286503419828364e+01
-3.035701900711666734e-03,-6.239691502449488253e-02,2.523501715278477775e+01,3.123285669879905768e+01
1.176634412969153158e-02,-4.008080636856404394e-02,2.492453833418664999e+01,3.123286788333017938e+01
5.619837354700653320e-03,-5.731309835846860878e-02,2.482074694159250683e+01,3.123287372266094053e+01
-1.245399039641187540e-02,-6.891972818856910432e-02,2.542671095850955254e+01,3.123288711961126296e+01
-4.162445007145504534e-03,-4.460892762643909465e-02,2.552166989913927253e+01,3.123291418531345087e+01
-9.860018693176656607e-03,-2.466093669411098879e-02,2.529365741523453792e+01,3.123288512191343358e+01
-1.178729513888423022e-02,-5.074001251222617220e-02,2.502559544276950732e+01,3.123293276965386056e+01
1.699204194042049434e-02,-4.337474830167140083e-02,2.475752028350772349e+01,3.123293338023481169e+01
7.140309719300946996e-03,-5.201352528912946138e-02,2.475086667803303087e+01,3.123292792978352139e+01
-1.385819190521308392e-02,-5.488451876793302986e-02,2.515675423157972546e+01,3.123293924687606804e+01
1.799199750866501551e-02,-4.576013297720287615e-02,2.512551946626660637e+01,3.123297676393027089e+01
6.145990417532186390e-03,-5.890022405564600272e-02,2.542047957788392765e+01,3.123296054493120266e+01
1.625724237677920320e-02,-5.436127591707109324e-02,2.519513502776084124e+01,3.123296846649489567e+01
1.259257683847224418e-02,-5.484691688090039680e-02,2.454907590947205520e+01,3.123300137314542368e+01
-1.657990021844144707e-02,-6.576430803702626449e-02,2.531558428531687710e+01,3.123300338552876454e+01
-1.120362080393939169e-02,-5.017313992094703246e-02,2.470058181180567658e+01,3.123300062074423522e+01
1.494587210246523662e-02,-6.284381242149633673e-02,2.488480861841429359e+01,3.123302216624975358e+01
1.220740530866929775e-02,-6.964265107925277087e-02,2.507506006187550796e+01,3.123301974247316437e+01
-4.180318792829626528e-04,-5.770126206855167444e-02,2.559870024693518786e+01,3.123305100821398383e+01
2.346547666175639868e-03,-7.302222248521296477e-02,2.593297556680160909e+01,3.123306061370964670e+01
2.555329791576849835e-02,-6.471678073167336231e-02,2.518201691774085305e+01,3.123306532006198566e+01
-1.183142777671659929e-02,-6.604054732003160344e-02,2.494504101438388233e+01,3.123307361661061421e+01
1.094194762340075858e-02,-5.603073171611813730e-02,2.516035169454416476e+01,3.123309761188124867e+01
-4.043853048677881201e-03,-6.307245125266706942e-02,2.526629662776215213e+01,3.123308999686327425e+01
-4.353624064544405793e-03,-6.898871845036243233e-02,2.490379971233284095e+01,3.123308818125874708e+01
2.197553703974380185e-02,-6.146892481291928167e-02,2.553856340677369730e+01,3.123311449473912660e+01
1.650832697976059582e-02,-5.664163122442215925e-02,2.506902122775742114e+01,3.123314086047049543e+01
1.627019272001277092e-02,-6.585156057918345462e-02,2.514932292672741809e+01,3.123311985240506772e+01
2.610957614308658317e-02,-7.220079220771710715e-02,2.519977727561633785e+01,3.123313638537233317e+01
4.200768326551809913e-04,-8.628589493366939367e-02,2.512647598318433495e+01,3.123315416446038029e+01
1.363905942589927790e-02,-8.467030630094804500e-02,2.525168215014088346e+01,3.123315946095151219e+01
-6.205335131869120849e-03,-7.791134187704572278e-02,2.481482404403592312e+01,3.123316017696419777e+01
6.483327049768842359e-03,-8.178229722209200137e-02,2.483250947381619156e+01,3.123319121857856473e+01
-2.602861087353691705e-03,-7.837299277564342692e-02,2.466995373010849235e+01,3.123321320040722071e+01
1.939919299854363796e-03,-7.674078008990067867e-02,2.513185036918606841e+01,3.123320196131459170e+01
1.190314050873827328e-02,-7.280211922102441946e-02,2.523368095105363551e+01,3.123320095931710227e+01
-1.636441366466944922e-02,-7.958344452385401890e-02,2.513733185984556684e+01,3.123320451039474932e+01
4.184774551370920581e-02,-7.478036951223084039e-02,2.550234773000426003e+01,3.123323257975981093e+01
-2.012034762999403981e-02,-7.975496888859281985e-02,2.499832119435128774e+01,3.123325103877343167e+01
-2.428377225575464524e-02,-1.008959843098252568e-01,2.520062249667775234e+01,3.123325475167746390e+01
2.316221747000135611e-02,-9.126343937477031376e-02,2.467248973715820526e+01,3.123325997596159098e+01
1.583325387925871644e-02,-8.402677365357047456e-02,2.488387008925768029e+01,3.123326410728348179e+01
1.248239634104310325e-02,-9.538559079248842831e-02,2.520866132726973419e+01,3.123326907836367283e+01
1.256691018528559821e-02,-7.797892274589192374e-02,2.525473063322294465e+01,3.123329834751326217e+01
-2.449354569382924864e-04,-6.934698070956907268e-02,2.491180991570074710e+01,3.123330913771621198e+01
-1.794508742971663226e-02,-7.312975480236609538e-02,2.497852022444257969e+01,3.123329454270213290e+01
1.516091163874526805e-03,-8.810118672737660139e-02,2.454463787599575753e+01,3.123333589838978241e+01
-1.354323423024223448e-02,-7.169527900994432379e-02,2.489289123975801843e+01,3.123333574071220653e+01
1.950239466835502339e-02,-8.573794522992748968e-02,2.526711494905593725e+01,3.123335399594644812e+01
-2.941147630042773020e-03,-9.120375756945724166e-02,2.517256150483196819e+01,3.123333657872251834e+01
-1.650994393585022979e-02,-9.456130493628714384e-02,2.515019971641436314e+01,3.123334634175844826e+01
-6.427716833059869336e-03,-9.203236394707184354e-02,2.501493210615428708e+01,3.123336851030690298e+01
8.258629085512485951e-03,-9.345574055393779389e-02,2.500211894758845332e+01,3.123338502784427106e+01
-1.127449105607949455e-02,-8.842194233083956745e-02,2.480190365815796483e+01,3.123340796360822935e+01
-1.644440791132862831e-02,-8.905823646719028541e-02,2.520964852606076079e+01,3.123340706078913698e+01
4.873744229838245824e-03,-9.115704222996921791e-02,2.512629188331681718e+01,3.123340757318723249e+01
4.899331422174455809e-03,-8.732721848213784166e-02,2.514760565439783946e+01,3.123340973630792305e+01
-1.013886350742259496e-02,-8.028472622065908892e-02,2.484218954719972672e+01,3.123344230000572708e+01
-9.420766112366455239e-03,-8.317564918611525249e-02,2.435399712403862793e+01,3.123343035294574577e+01
4.640998747152726318e-03,-1.079855086304844364e-01,2.532914581352610739e+01,3.123346628468554798e+01
-2.896168682994648344e-02,-1.191263419044007454e-01,2.485634876319747733e+01,3.123345715615350571e+01
-2.814927548753110367e-02,-8.467972495858314130e-02,2.474116727078706290e+01,3.123348590582072504e+01
-1.436888442504872035e-02,-1.081126275222370758e-01,2.520804367357419906e+01,3.123348678931290223e+01
-4.268943034236944746e-03,-9.709746737490633495e-02,2.488239620802426089e+01,3.123348863004510534e+01
6.218151311960092194e-03,-1.069419085490387195e-01,2.531798091521398675e+01,3.123349480603627981e+01
2.950712433899103926e-02,-1.136364778497252759e-01,2.518510178487300877e+01,3.123350659092122683e+01
1.715319246404038711e-02,-9.056281215327102729e-02,2.520507079696014330e+01,3.123352428316692198e+01
-3.198770599268542427e-03,-8.873146748636480396e-02,2.459021328663984107e+01,3.123353077156496127e+01
-3.803241580537766362e-04,-1.024184617630713307e-01,2.536358319561592012e+01,3.123353406188591919e+01
-2.005058729275617860e-02,-1.228788260872178684e-01,2.507837515937015738e+01,3.123354834368589650e+01
-3.702627198477986110e-04,-1.027305499528408245e-01,2.488921685822613838e+01,3.123356078577029749e+01
-5.773172778402766749e-03,-9.363437719415840244e-02,2.504301654020267520e+01,3.123354871265905786e+01
6.454371206761789527e-03,-1.126104092010621199e-01,2.446712943013050534e+01,3.123358458168114637e+01
-1.654461887104646117e-02,-9.624109252421239602e-02,2.512259584344420205e+01,3.123358020278775271e+01
1.038693028482344516e-02,-9.846567027130037619e-02,2.469118854754538006e+01,3.123358846667596822e+01
3.065477826005155379e-02,-9.274198105075075194e-02,2.459419891424693816e+01,3.123359312655652786e+01
-2.175202969137151818e-03,-9.754582566153735534e-02,2.454329224413463351e+01,3.123360206107501824e+01
8.034234441978829744e-03,-1.086634283741648999e-01,2.533380651249697735e+01,3.123361644552496941e+01
1.380287983422225084e-02,-8.714247965025705145e-02,2.481122098189216274e+01,3.123363290979042617e+01
-8.024409437716725421e-03,-1.008532644186217325e-01,2.546011831297494865e+01,3.123366953259137446e+01
4.481849636208335569e-03,-9.968508114409324605e-02,2.483925956108431166e+01,3.123365474120324237e+01
2.518480156358971910e-04,-1.088730526441332169e-01,2.448779261272211727e+01,3.123367177750106194e+01
1.953521970976634329e-03,-1.040857828069487734e-01,2.466504266801540268e+01,3.123368400481386331e+01
-1.546019567710932990e-02,-1.085978067997189905e-01,2.537074348600208040e+01,3.123369131065186011e+01
4.902034851788542686e-04,-1.015602764263610625e-01,2.495323054661900031e+01,3.123369922556539180e+01
9.959965824908994722e-03,-8.277897117445931485e-02,2.483551381105282019e+01,3.123369804706236152e+01
2.902287215590083555e-02,-1.136645012122204923e-01,2.504800546775583570e+01,3.123373450927548234e+01
1.918541652170413850e-02,-1.161147234051600197e-01,2.515053482085026459e+01,3.123374807196643843e+01
4.306364915023112860e-02,-8.528520631183861278e-02,2.533521964477073851e+01,3.123372317341306115e+01
-1.534695125776099067e-02,-1.020921242190900718e-01,2.543454976896787656e+01,3.123373975971409067e+01
1.744641273441356263e-02,-1.066757700824292054e-01,2.489206940626327480e+01,3.123375720189657656e+01
3.666840114767035055e-03,-8.955633064821563738e-02,2.460218569417538959e+01,3.123376035462204925e+01
4.379605866435344608e-02,-1.059660520178368065e-01,2.487596045166301550e+01,3.123378505965553487e+01
-1.616596570710302980e-02,-8.158851005158287983e-02,2.507808415197486696e+01,3.123378271727797539e+01
-1.679443684361552058e-02,-9.299226020623346800e-02,2.471087232213681517e+01,3.123382165056067805e+01
-1.198785290888044336e-02,-1.045577580971604609e-01,2.471285472553148566e+01,3.123382190548594295e+01
-4.247791448619613747e-02,-7.799691503802874681e-02,2.510313636446496588e+01,3.123382212574030703e+01
-1.051510043361522130e-02,-1.055027448055611411e-01,2.498540429452886613e+01,3.123384026986263606e+01
-1.518265323107395939e-02,-9.188450519394369964e-02,2.500983909862347687e+01,3.123385105900424463e+01
3.007875729524152591e-03,-9.615668355567356940e-02,2.477245139958997910e+01,3.123384436052511859e+01
6.835119515543188612e-03,-8.596065867839038088e-02,2.493087978573827002e+01,3.123385183782755448e+01
3.752341678431772576e-02,-8.317576072674928711e-02,2.472273005671950941e+01,3.123387078143062823e+01
1.900847676372100642e-02,-9.826800085408193830e-02,2.526705952333743710e+01,3.123388861636124503e+01
-1.153807311324806135e-02,-1.059037913214228716e-01,2.531057480041712537e+01,3.123389139060398634e+01
-1.796829342696715931e-02,-9.353589664596481668e-02,2.444614364132857176e+01,3.123388423003517644e+01
9.838383430130114710e-03,-1.046632494389072160e-01,2.472114674194227746e+01,3.123390197175555727e+01
-2.640466414041284238e-02,-7.748721262217674044e-02,2.455104122347297491e+01,3.123391926027136378e+01
3.662917531708707874e-02,-9.597527476477291097e-02,2.480499281967793124e+01,3.123392924334395815e+01
2.358880241442573925e-02,-1.006979845651008038e-01,2.497496860906289129e+01,3.123395972542176935e+01
-9.383513042094096882e-03,-9.488675178107995600e-02,2.456510643409044192e+01,3.123393614012057640e+01
-3.426269058181755089e-02,-1.098782975769120457e-01,2.472344205606240664e+01,3.123396505589241912e+01
2.707744748330825901e-02,-1.057814006273386370e-01,2.469881278837555172e+01,3.123398489113108312e+01
-2.290796905052357602e-03,-8.370414652038285497e-02,2.506218019881968218e+01,3.123400271449745347e+01
2.475632623946923475e-02,-1.019051100274569188e-01,2.502080330111087392e+01,3.123398595602576577e+01
-3.188855317588733945e-02,-1.054180738623007596e-01,2.478347873399882317e+01,3.123400491429452686e+01
-1.198750045907545810e-02,-8.918020973411351637e-02,2.505304626164181769e+01,3.123401569760357432e+01
1.048739943636633191e-04,-8.227250900632038233e-02,2.483599597462382036e+01,3.123402195481731525e+01
9.396118752948410830e-04,-8.650793682009316754e-02,2.491850346690218387e+01,3.123402901154798883e+01
-9.001309429584873623e-03,-8.329008688991258735e-02,2.550203562708956184e+01,3.123404435975389504e+01
1.245699864694997487e-02,-1.003568536153455620e-01,2.540213831553710477e+01,3.123402467753914635e+01
-2.135240858765188876e-02,-1.065306665868496899e-01,2.461012562892172184e+01,3.123406682069489904e+01
-2.847589700425869844e-03,-7.680827416847255118e-02,2.524891972536375206e+01,3.123407126177903592e+01
2.405912634237977309e-03,-9.454293110571970749e-02,2.524341896634747684e+01,3.123407777525103057e+01
1.028877668117498048e-02,-9.330453615250511312e-02,2.465552101337421576e+01,3.123411046862195661e+01
1.423229756177779581e-02,-7.697997134841284839e-02,2.524563329312645976e+01,3.123409325065981434e+01
-2.249284183675738513e-02,-8.415103750022484563e-02,2.546137957552376463e+01,3.123410596924011173e+01
-3.068228341471244611e-02,-8.459168954901236104e-02,2.466323655812667681e+01,3.123413991553302438e+01
2.555353643797018265e-02,-6.692366739064214975e-02,2.472474915369572201e+01,3.123412167938695205e+01
6.646280239591833422e-03,-9.441798188544441028e-02,2.530529844005305051e+01,3.123413449884716897e+01
-1.496973073113107289e-02,-7.809958571046052289e-02,2.508144859324769271e+01,3.123414852974576661e+01
3.102303951045045846e-02,-8.618921751778933771e-02,2.516544288257185613e+01,3.123416840734482136e+01
2.313492685857173464e-03,-8.344106000529052936e-02,2.510217676492014860e+01,3.123417207802507178e+01
2.358594368127652982e-02,-7.019630486656730506e-02,2.511720877627844217e+01,3.123416707374652646e+01
1.350369628202178996e-03,-7.974311242838402758e-02,2.460205836150667480e+01,3.123418467831436729e+01
4.121495849763974484e-02,-7.876556893950871496e-02,2.531419531198643469e+01,3.123419392645567072e+01
3.510681684886408915e-02,-7.273720145168373341e-02,2.535087699772833147e+01,3.123420922778954889e+01
-4.979282969581470472e-03,-8.641234115570199659e-02,2.493118277677959327e+01,3.123422425843658701e+01
1.943141901908710875e-02,-9.044235418409884986e-02,2.498695691505584193e+01,3.123423418205755908e+01
1.290751899170295043e-02,-9.177281046258366215e-02,2.454066774923328254e+01,3.123422223988245960e+01
2.737263115064697550e-02,-1.002498775895269839e-01,2.515427642680534959e+01,3.123426063940987518e+01
-1.929846921160208867e-02,-5.927308256803741349e-02,2.517161723251424377e+01,3.123426252568845740e+01
1.372102919996878723e-02,-9.010344754872626205e-02,2.498134269490020642e+01,3.123428384532047630e+01
2.116848973699175449e-02,-8.050759885670409621e-02,2.533730600796114985e+01,3.123428444198327014e+01
-3.517478972846228846e-02,-8.027450588684938160e-02,2.489977683070601699e+01,3.123430101322957952e+01
-2.366517025331550325e-02,-7.363135250746888349e-02,2.516938177776808061e+01,3.123430466545311646e+01
-4.078464355520201173e-02,-6.773495702141595076e-02,2.469410069839236499e+01,3.123432346225756362e+01
-5.388136688891155025e-03,-6.646249564167501511e-02,2.499293435473772718e+01,3.123432522250636012e+01
1.435084511591924739e-02,-8.006102856025033854e-02,2.494769372262915041e+01,3.123432902084753593e+01
3.004714104192056368e-02,-7.505274966553691918e-02,2.506759237661228212e+01,3.123436272434720351e+01
1.481895608395503681e-03,-6.969540037115677655e-02,2.488914192134999226e+01,3.123435889037122237e+01
3.257231091142583773e-02,-7.413630361011383507e-02,2.496055822129849844e+01,3.123436573744420741e+01
-2.760202916429782896e-02,-5.469279212845055971e-02,2.524781415143245056e+01,3.123435723695583377e+01
-3.406764878710309696e-02,-6.496215671885428866e-02,2.486897072882853621e+01,3.123436711692382417e+01
-1.110953977932375514e-03,-6.161773103732808010e-02,2.451802686977839585e+01,3.123439292715482196e+01
7.681308978786145422e-03,-6.142138644885117987e-02,2.552487517126162686e+01,3.123440145521198019e+01
-6.538949618818622710e-04,-5.538838335923710471e-02,2.541443622360714727e+01,3.123440385877434977e+01
-4.134884200079753241e-02,-6.437520839594973454e-02,2.461232119146831465e+01,3.123442140982699655e+01
-1.782400790255768116e-03,-7.820557313173759351e-02,2.520691234157355964e+01,3.123444588626928109e+01
-2.608939001009706604e-02,-6.028188145112754748e-02,2.484910756883459726e+01,3.123444695402474380e+01
1.339345097660077019e-02,-6.982366653060045891e-02,2.507904616459931901e+01,3.123443858991490174e+01
7.331964921936965848e-03,-6.761758361131926798e-02,2.508826723870404862e+01,3.123445888491172795e+01
-1.879759572654710401e-02,-5.547923323911528593e-02,2.492967765990510287e+01,3.123446195033518791e+01
-1.027733834673387123e-02,-4.796179319200630925e-02,2.476487030032408043e+01,3.123447612300083875e+01
-2.118427043777903335e-02,-5.912411041640148329e-02,2.479283768430512325e+01,3.123448586384334291e+01
-1.253581945463437498e-03,-5.523130959463776191e-02,2.472514242535562801e+01,3.123449522354417596e+01
1.910284641002476733e-02,-4.027107601784968294e-02,2.475045333753086751e+01,3.123449744864628030e+01
-1.971452092671087397e-02,-5.385021402695810283e-02,2.497984651298519410e+01,3.123451872345318492e+01
1.008093031035688786e-02,-2.919653349350315868e-02,2.478527200326677615e+01,3.123452439392363189e+01
-1.060515236744881580e-02,-4.850515069850364763e-02,2.520461561971378472e+01,3.123451070551309883e+01
-1.585745664524688264e-02,-7.070618760449023932e-02,2.544617384660077875e+01,3.123457052972024428e+01
-2.140607199091156421e-03,-4.449505498711259915e-02,2.482598402758898715e+01,3.123457088769654177e+01
-2.070484644838748237e-02,-4.713856617955956840e-02,2.507182135016061153e+01,3.123456623699274814e+01
-1.107298610694364138e-02,-3.696623958327172749e-02,2.514990553309088028e+01,3.123458018819049897e+01
-2.395755785177696925e-02,-4.203768086866391251e-02,2.514160068127578285e+01,3.123457828345652842e+01
3.929450265832778316e-02,-4.905206478448053548e-02,2.502278658037482728e+01,3.123461695722877707e+01
7.052710394345721888e-04,-5.880095554228943061e-02,2.522280472550791686e+01,3.123462897288694862e+01
-1.399451015985171166e-02,-4.753130721734805803e-02,2.514467468580419762e+01,3.123462156693728176e+01
4.279598214684440273e-03,-5.282219060650568399e-02,2.462870127330181091e+01,3.123464023530643985e+01
-2.246560993816596602e-03,-4.899111979937704336e-02,2.526074681931678256e+01,3.123464175286778755e+01
-4.419391990664460132e-03,-3.616216728271542252e-02,2.526618725118002118e+01,3.123463663274560886e+01
1.228333400086850484e-02,-2.420431915056062144e-02,2.477101416874642581e+01,3.123465588176630803e+01
1.515015420094610252e-02,-3.580558971016158110e-02,2.501138135063428081e+01,3.123467131927966989e+01
-1.061002295221055020e-02,-5.055378651988474276e-02,2.520499869784332247e+01,3.123467545452281513e+01
-1.151636481289360081e-02,-3.298547331020051238e-02,2.493720585412619073e+01,3.123468781346722523e+01
-5.501033943032880742e-03,-2.429580651171021899e-02,2.532189341432980356e+01,3.123469908600442579e+01
-4.603842329471169448e-02,-4.118483412832691509e-02,2.570916174838580659e+01,3.123470919121502121e+01
-3.030382124397104637e-02,-3.524650871619675052e-02,2.476420419020950447e+01,3.123472052258490450e+01
2.733748534889049453e-02,-3.257342213848524876e-02,2.458568661905386676e+01,3.123471939394933372e+01
3.289935427002567414e-02,-3.937807698837270803e-02,2.509114557868146278e+01,3.123473282983850652e+01
-4.980720791127566348e-03,-2.385009050902414315e-02,2.521646875153784251e+01,3.123473715415734020e+01
1.153113926111532829e-02,-3.034137781363261191e-02,2.493074008784656925e+01,3.123476977815549915e+01
6.225003090870722192e-03,-2.373096389021281394e-02,2.543597819899630963e+01,3.123474894353058318e+01
6.157761616910475272e-02,-3.559118339147322729e-02,2.459841826008302590e+01,3.123479153590343316e+01
2.239149822869153719e-02,-2.987659064326525157e-02,2.520787558690948416e+01,3.123480386349397264e+01
-2.558351829615330801e-03,-1.705990495958102302e-02,2.481824175377233033e+01,3.123479697819412948e+01
-1.911080881200851594e-02,-2.678991859516171442e-02,2.551581337186219045e+01,3.123478396862912021e+01
-3.212892640515144921e-02,-4.566168112130526008e-03,2.559775460595043484e+01,3.123481638689438000e+01
4.069272717344462123e-03,-2.460293299731532157e-02,2.477000302366499440e+01,3.123482935815838601e+01
-1.512701490568606720e-02,-1.712722786617095275e-02,2.483513285922742497e+01,3.123482989401779975e+01
-2.844507419195348510e-02,-8.812605268534263667e-03,2.525787636609394227e+01,3.123484484781605985e+01
-1.293145768485053082e-02,-3.108373936151528905e-02,2.488386080506314713e+01,3.123487530195199113e+01
-2.163096007228789905e-02,-3.326706453266359276e-02,2.498637663462032776e+01,3.123487664927162299e+01
3.374283270145129326e-02,-2.967195625249685609e-02,2.500761652616272457e+01,3.123487075435885529e+01
1.763279513898901099e-02,-5.436878492906249694e-04,2.442409805314070326e+01,3.123487402400830248e+01
-1.594528263323474412e-04,-1.744016233254189197e-02,2.499584867617172890e+01,3.123489672982682208e+01
2.959888277780051841e-02,1.491024631954653706e-02,2.479308166778074707e+01,3.123490786543220565e+01
1.547366152952366156e-03,-1.506269961933661555e-02,2.485206315328006710e+01,3.123492496199187229e+01
-1.722568402656527234e-02,-6.321697154350317503e-03,2.543308960104064553e+01,3.123492464683287295e+01
3.046248154539314690e-02,8.508195066200270607e-03,2.462304793171622208e+01,3.123494511499575310e+01
1.077820087369317330e-02,1.440342396321195664e-02,2.524396155602439151e+01,3.123496935154040344e+01
-2.074492308652912953e-02,1.621382556412576809e-02,2.491631112090045619e+01,3.123496815501022539e+01
-3.806773561672163915e-03,8.939443214019312731e-03,2.491607194945125059e+01,3.123496951911492658e+01
-1.751236506769514312e-02,8.353894779667856915e-03,2.523711156881551432e+01,3.123497816849528874e+01
-2.765599461928672231e-02,5.296326160404990144e-03,2.510201538837066693e+01,3.123498643326865931e+01
1.852355095063282914e-02,8.412554093273079403e-03,2.517118389916586096e+01,3.123501180640912267e+01
3.818833280940261282e-02,-3.625126684838704191e-03,2.529045539815985677e+01,3.123500372686553916e+01
-2.797135147638282401e-02,-5.037769742311097240e-03,2.490060748504500410e+01,3.123502045222709000e+01
1.125938473381141690e-02,4.367465628128551838e-03,2.481632897964767537e+01,3.123503051197901570e+01
-1.301285138243653966e-02,3.955658693129850308e-03,2.467445484203265949e+01,3.123503498215806928e+01
-9.742507675293920685e-03,2.380623966205595680e-03,2.475237684100631341e+01,3.123503627534452320e+01
-1.184787848477738409e-02,1.513108466088779192e-02,2.588472832759261877e+01,3.123506322974503746e+01
-1.727981539359632265e-02,1.897327571846769978e-02,2.537340387422103660e+01,3.123506938996028026e+01
9.704325588965398560e-04,1.155581540005432527e-02,2.459467769013759408e+01,3.123508500240469488e+01
-1.661900232822075690e-02,2.669688168416990692e-02,2.460326261297693051e+01,3.123508466399693617e+01
5.409136515596776364e-03,1.752637742227254949e-03,2.514455981851554611e+01,3.123511220821298906e+01
-1.004762188982739153e-03,1.247879851399858776e-02,2.516417943921339173e+01,3.123510123226218838e+01
-4.778960937328194727e-03,8.490753206827652416e-03,2.516466515059520859e+01,3.123513712040283963e+01
-1.815127324083195756e-02,-1.765284138545767517e-03,2.492351326193389127e+01,3.123511252363489987e+01
-1.153542661136665488e-02,1.731170672883803469e-02,2.496236372199912879e+01,3.123514434770064696e+01
1.510782451651512120e-02,1.815660003985684195e-02,2.509836385724780783e+01,3.123515475430682642e+01
1.001834375248761462e-02,3.574106857359047457e-02,2.502576790188799905e+01,3.123515204442932003e+01
-1.955110489597102277e-02,2.814392347001222136e-02,2.433420988817573871e+01,3.123517424393937958e+01
1.986646108584517578e-03,1.281971883095186192e-02,2.493106011082744189e+01,3.123519279518669833e+01
1.502774246743578124e-02,4.282464420120057208e-02,2.474457806972190710e+01,3.123516783181160505e+01
-3.338810562242743724e-02,3.771234459528453875e-02,2.505256342567255246e+01,3.123520502744807459e+01
1.086720384759870192e-02,3.253723864813824751e-02,2.589557770078102195e+01,3.123518506729179478e+01
-1.325247517891693476e-02,2.566144734078464398e-02,2.511024449964229177e+01,3.123521034335196234e+01
1.141197337186318668e-02,1.953750396031986997e-02,2.490594109414828239e+01,3.123524629166364619e+01
-1.526518313085033739e-02,2.661082708675207437e-02,2.527654045059317411e+01,3.123523418217966707e+01
-3.609764201329038191e-02,4.241658005459203462e-02,2.514480636616276499e+01,3.123523826120035807e+01
-3.255084875766325186e-02,5.156616714512318733e-02,2.512602834713555211e+01,3.123525802062270884e+01
9.616989332276398936e-04,4.933877233218933456e-02,2.518205517796470261e+01,3.123529067906338241e+01
5.194450034429637722e-03,3.019851086727022571e-02,2.561696306944886103e+01,3.123526168317752649e+01
-1.808633250208817322e-02,2.506594704527648904e-02,2.466073346940222422e+01,3.123527948690088252e+01
1.277184917554747938e-02,3.884036246151383043e-02,2.514208962304343586e+01,3.123531497431682880e+01
-3.323040124537919582e-02,2.091056224390425156e-02,2.472208566100553995e+01,3.123532857702343435e+01
-1.321595972946331419e-03,4.298398215023908203e-02,2.516665379390267532e+01,3.123531896568775679e+01
-2.422032399524913504e-02,3.942733833108787167e-02,2.472439404655417050e+01,3.123531760947297542e+01
-1.303672215604318417e-02,3.738758630823896950e-02,2.487478995591847308e+01,3.123536095843502025e+01
9.479734263282803622e-04,2.723885462866173710e-02,2.491147302572862898e+01,3.123536594442391845e+01
-1.720826730567904736e-02,4.945298713010972541e-02,2.529274501580341195e+01,3.123536678946987877e+01
-7.691110884596507290e-03,4.011406624786856973e-02,2.527553633318272475e+01,3.123536187597651193e+01
2.012585618428881090e-02,3.485880482229276878e-02,2.462628478706608348e+01,3.123537950970658983e+01
-1.153783739046297489e-02,1.894488281182618236e-02,2.501648023329995496e+01,3.123538839639918763e+01
1.671384224130283841e-02,4.849434533085701660e-02,2.478712604357524896e+01,3.123540330851304603e+01
-2.259413709315236107e-02,6.758628309079650620e-02,2.462244852679739893e+01,3.123542451001437925e+01
1.059608355830565611e-02,6.756274217386593062e-02,2.493489488487269057e+01,3.123542879417041362e+01
2.883137241315800875e-02,4.745750863229508676e-02,2.490745516346325417e+01,3.123541922623923028e+01
-4.943289000254579013e-02,4.707643940931412196e-02,2.572801494590365579e+01,3.123545376496450032e+01
-1.593790510940953573e-02,5.884798971556921832e-02,2.512988794760820710e+01,3.123545313132139967e+01
1.154144254361080119e-02,4.522951024342408005e-02,2.458671474977372995e+01,3.123546687065795879e+01
-4.060907720859853465e-03,5.927566482003832765e-02,2.483056779874871722e+01,3.123548466540859181e+01
7.422917467426176988e-03,6.495402824804885622e-02,2.530641498862881988e+01,3.123546888419750545e+01
-1.207970373431641216e-02,7.058897195947036463e-02,2.562653283186097752e+01,3.123548964174421272e+01
1.731795749457998431e-03,5.833528541896246256e-02,2.452420500632861433e+01,3.123549468545448349e+01
-3.113544707841589803e-03,5.830788640457289923e-02,2.443602268445828685e+01,3.123549432140574567e+01
2.335564123319614632e-02,5.256304755910050364e-02,2.556128955261153379e+01,3.123552346709977812e+01
5.088416866024262838e-03,5.406261325342299334e-02,2.511688425321127127e+01,3.123555511556551778e+01
6.752053241504043374e-03,6.104530867366679547e-02,2.473951218043708877e+01,3.123552159922255456e+01
-8.237539322449347057e-03,6.795241603681563547e-02,2.516038872583673225e+01,3.123554967719389097e+01
-9.752124481449870458e-03,7.437309991451150626e-02,2.420927567829493654e+01,3.123556640542934915e+01
-8.651163756392419094e-03,5.815363447618333154e-02,2.500101265197914913e+01,3.123557123078201414e+01
7.889042847565936462e-03,8.205000762368545864e-02,2.509834635185292484e+01,3.123557886871947531e+01
-8.419689616405259466e-03,6.533896312509951398e-02,2.527728104186135027e+01,3.123557700783636548e+01
5.795497137928258373e-03,6.875283595434179829e-02,2.469583121431223915e+01,3.123560232786742574e+01
4.150801597290877665e-02,6.239978944375847159e-02,2.502570614842100838e+01,3.123560243236023126e+01
1.742249406863384878e-02,4.652384528592097557e-02,2.472237261218212367e+01,3.123559810078295129e+01
-6.520470643356823109e-03,8.048984631188876859e-02,2.507661512670229342e+01,3.123564194592220389e+01
2.402427844327889583e-02,7.988963884696401174e-02,2.473139610329109317e+01,3.123564958385819779e+01
-8.161507460431028510e-03,7.056825695649057706e-02,2.487756974825193268e+01,3.123565051660976977e+01
-4.076249070355707910e-02,7.490016134680957394e-02,2.470125538156293032e+01,3.123566229074688039e+01
-2.016172621834808054e-02,8.022662270231335768e-02,2.519534087254709576e+01,3.123568074318012577e+01
-3.741583842051711406e-02,6.026687057794339469e-02,2.525753533499699799e+01,3.123568224339656751e+01
-7.030269680826173664e-03,7.141489271209686129e-02,2.492961382901277645e+01,3.123569904017554677e+01
3.683675837910339933e-04,8.544901968417840943e-02,2.501147139848800904e+01,3.123569702517798774e+01
3.352874624550565563e-02,6.575216838915379225e-02,2.456542257560993647e+01,3.123572311983738814e+01
6.538547475283253314e-03,8.200694321317565649e-02,2.491009700559796514e+01,3.123572320785725864e+01
-4.382010576177285122e-03,6.626933582120650423e-02,2.498493861488747569e+01,3.123573194051943602e+01
1.658811162366978509e-02,8.525061152010214582e-02,2.578623792730899211e+01,3.123572729938911152e+01
-4.422270618015770177e-02,8.096830369939841954e-02,2.466640989226775105e+01,3.123575286955854224e+01
4.712291162171318437e-03,6.589893935165361261e-02,2.543925317162572952e+01,3.123575168045082506e+01
1.541730387773933633e-02,9.441020740484477869e-02,2.529905763203974089e+01,3.123576361717273286e+01
-2.957172491559683161e-02,7.611635905680119718e-02,2.508419092134704087e+01,3.123577184624371483e+01
2.287508086413858263e-02,7.604600535986116849e-02,2.552758614525853886e+01,3.123577933765067982e+01
6.769928149888282919e-03,8.682716196358961080e-02,2.511163164178205776e+01,3.123582124771403201e+01
-8.305758278016025023e-03,9.696736262497969439e-02,2.511674775870037735e+01,3.123582331339062179e+01
1.265563732212569674e-02,7.596876460413903853e-02,2.498406380409473471e+01,3.123583920367502031e+01
4.541385715608791535e-02,8.737614726523983133e-02,2.536707066472558836e+01,3.123581777104980617e+01
3.637325101169903031e-03,9.166615199457855967e-02,2.532894077014326584e+01,3.123584071253749883e+01
4.964411726006721925e-03,9.491385565427434834e-02,2.481229681375113572e+01,3.123583706492374645e+01
-9.187217990804881843e-03,9.033810639242516316e-02,2.460422584162036941e+01,3.123585304305122534e+01
-1.699688738929583734e-02,8.548028887899514205e-02,2.493910580878130290e+01,3.123586081873016340e+01
1.660671633088491375e-02,8.143743538774420032e-02,2.475998843068070698e+01,3.123589239584006094e+01
-1.712167651817734365e-02,9.112335159736711931e-02,2.498094262761539497e+01,3.123588603770321726e+01
1.431324744387849415e-03,8.007481586809851726e-02,2.537123144040524281e+01,3.123591068379333890e+01
-9.553148935302333000e-03,6.210262788235222653e-02,2.486280950347396157e+01,3.123591604120889542e+01
9.579596514927837467e-03,9.618720872960404011e-02,2.498715298560652798e+01,3.123594303638752123e+01
6.673242105738965563e-03,1.013519083302931584e-01,2.501740682044251685e+01,3.123591520555776668e+01
2.075079888515798596e-02,6.915957837423251930e-02,2.525452926466158488e+01,3.123595259233239574e+01
-1.020032797709494003e-02,8.315325670087132803e-02,2.432593319980461999e+01,3.123596146440870314e+01
-5.397498705867424980e-03,9.988901253679577374e-02,2.481798991157041101e+01,3.123595026621161708e+01
-1.957527431564614825e-02,1.147045052500673123e-01,2.506338510768384253e+01,3.123598007133336196e+01
-8.885865201522232665e-03,9.475467433614041812e-02,2.536002368692805931e+01,3.123598336144962673e+01
7.546009860897043980e-03,8.766893462318997576e-02,2.485242926574813893e+01,3.123598772523740053e+01
1.513977233290703800e-02,9.350720282669450212e-02,2.443703418818743955e+01,3.123599176064513117e+01
-1.844330648355251012e-02,1.094570497913089080e-01,2.518591343378984249e+01,3.123600280890548575e+01
1.739211840211320539e-02,8.960561845098674594e-02,2.480939128335231203e+01,3.123604049812095695e+01
2.711275717609901853e-02,8.841511461511250558e-02,2.464310000227289166e+01,3.123603000682819086e+01
8.268698064474017811e-03,9.190611961790867701e-02,2.481269638308603120e+01,3.123604782130001567e+01
3.753591625116131647e-02,8.751148296939255389e-02,2.494464239270324413e+01,3.123604209100618334e+01
-1.547578398207146051e-02,9.856733123554820009e-02,2.481857660063853643e+01,3.123605220147053529e+01
-2.489309406622833981e-02,1.138678696821385505e-01,2.433833018287027983e+01,3.123608081984809104e+01
-3.557440497808557478e-02,1.011168884725464345e-01,2.526911985906614078e+01,3.123606650423788622e+01
2.992088622978366155e-02,9.561208305409307773e-02,2.538246251238361495e+01,3.123608584786232001e+01
1.308731312708115435e-02,9.545149992880556933e-02,2.519545659740185073e+01,3.123610034027410975e+01
-1.111693418209101433e-03,8.295613425777299821e-02,2.465869429887255393e+01,3.123611111372601812e+01
5.599372526396405661e-03,1.076219704654893944e-01,2.493955253981574316e+01,3.123611820906715053e+01
-2.250978094596753007e-02,9.819969960225032046e-02,2.499804360543116388e+01,3.123613395819781147e+01
4.891503959233652749e-02,9.734481022383222049e-02,2.517963831686857290e+01,3.123614692855755592e+01
2.584423639504550198e-03,1.312365345924853544e-01,2.520050214661542398e+01,3.123615734637545316e+01
2.187895892097857856e-03,1.024331246591846101e-01,2.477974786036645227e+01,3.123615014196191098e+01
1.451533247797383991e-02,9.205208666973192788e-02,2.502459866692406720e+01,3.123616715844901748e+01
9.620184634734265522e-03,9.541506805364799448e-02,2.513718412138457126e+01,3.123619194762861895e+01
4.477680485582627434e-03,1.112559760115937046e-01,2.543674669664402899e+01,3.123619894647187678e+01
-1.580948910890623768e-02,1.009813112924298900e-01,2.521135196194741823e+01,3.123618627140548654e+01
9.429367142719915010e-03,8.552711683729448400e-02,2.523671700621265401e+01,3.123621351479900454e+01
3.764048992950067701e-02,1.091476668679284140e-01,2.502514798837880861e+01,3.123620021774750555e+01
2.690840092309955411e-02,9.330360184044010630e-02,2.542313774356104972e+01,3.123623046934902092e+01
3.186373253278794448e-02,1.187318652097468646e-01,2.512292883878784977e+01,3.123625897767016468e+01
-1.022431352862370260e-02,1.107973902439211983e-01,2.474167362694792871e+01,3.123624052107282623e+01
-1.979209640517161709e-02,9.550589046980512142e-02,2.542101099103755857e+01,3.123625165676954296e+01
-2.515738401992962791e-03,1.127556534002580740e-01,2.520937098176170821e+01,3.123627764029781773e+01
1.114498245773892131e-03,1.005746110811567839e-01,2.486708679366145702e+01,3.123626457198484729e+01
2.188383036941897106e-02,1.083585525783490183e-01,2.485615210978022560e+01,3.123628367244970150e+01
-3.384929259429638598e-02,1.045971078323947312e-01,2.508897266354222921e+01,3.123630596441137541e+01
3.059100638921227397e-02,9.118939374512494145e-02,2.513895543858027537e+01,3.123630365714152290e+01
-3.160157971579788654e-03,9.310487473022664717e-02,2.505918767968936223e+01,3.123631764030012548e+01
-8.537621398948400803e-03,1.097116439248055630e-01,2.509339260203286415e+01,3.123633744185710270e+01
-2.024208750520335026e-02,9.592021536728662090e-02,2.550998721237291278e+01,3.123634421546083217e+01
-3.309713343731538610e-02,9.507171003448200430e-02,2.532146294567046496e+01,3.123635266818396161e+01
1.646341167923829132e-02,8.938151317185584477e-02,2.505719067737950567e+01,3.123635660877720355e+01
1.466359343768077785e-03,1.029776200016135346e-01,2.528239317423024346e+01,3.123637370061115348e+01
-2.579921799482107897e-02,1.191601452391931326e-01,2.469024282894173794e+01,3.123637876267320124e+01
-2.590157544127232384e-02,8.763724263702774020e-02,2.511937811498404116e+01,3.123639457805609965e+01
-6.715693985802564589e-03,9.831688628873157254e-02,2.554279190491993390e+01,3.123639503067974843e+01
3.338043050578785864e-02,1.119434990674751385e-01,2.493458623138228702e+01,3.123640817431025596e+01
-5.191827027272095593e-03,9.675600333572674516e-02,2.474570982141427322e+01,3.123641010042207355e+01
-3.006285906236212321e-02,1.017918234328133581e-01,2.480437333342208106e+01,3.123642964992389892e+01
-4.914861281718886470e-03,8.634446788430000241e-02,2.467311008879728362e+01,3.123643188999136200e+01
-5.454471394953410053e-03,1.009364287278806394e-01,2.476457142756168750e+01,3.123643885953549670e+01
-5.393773285883143170e-02,9.445157643934580516e-02,2.488884757042299256e+01,3.123646258661148067e+01
-1.085897330356244261e-03,1.058347393921175578e-01,2.457832989424640857e+01,3.123647212739776080e+01
-4.618690604173559221e-03,1.074905339895726591e-01,2.500468550018488045e+01,3.123648782873734930e+01
1.392412729626836716e-02,1.211364147086313042e-01,2.527068315213599448e+01,3.123648568874430254e+01
3.697912189890690399e-02,1.006461450881153408e-01,2.472767314595592225e+01,3.123650408052846927e+01
2.253130059095514656e-02,9.770180370390457725e-02,2.545578517709252964e+01,3.123651550797572085e+01
-5.377773811096611505e-03,9.596676708674931056e-02,2.515323762655827977e+01,3.123652444773807701e+01
-2.213051817483340650e-02,9.005546762727435761e-02,2.530917417568721817e+01,3.123652174346317167e+01
5.146719606499720878e-02,9.652136738060233812e-02,2.480264963384435717e+01,3.123654149363482091e+01
1.184368680289765155e-03,8.971717643913824924e-02,2.525635756811998434e+01,3.123655364140295987e+01
2.785858382589240559e-04,9.387579873121866536e-02,2.467241982988140592e+01,3.123656007178466965e+01
-4.825017422000655470e-04,1.048725755356809952e-01,2.526707425025095333e+01,3.123654913522341658e+01
3.961695215357098794e-03,8.112207677870697520e-02,2.505155180193806075e+01,3.123658160489624080e+01
-2.887208238478849564e-03,1.020627618889794475e-01,2.516597536599543616e+01,3.123661212531039411e+01
-1.147324013760472536e-02,1.032972552279931427e-01,2.464732161831254587e+01,3.123659639960731127e+01
-1.093717882480784234e-02,8.839328709861481170e-02,2.473147904731701985e+01,3.123660271922901899e+01
-6.550654043199677281e-04,6.778911809210468042e-02,2.517916846547601395e+01,3.123662373348559385e+01
-1.086849542267529986e-02,8.234905842993353597e-02,2.471549559873274049e+01,3.123663312378210222e+01
-1.425691565354328741e-02,1.008028433238880028e-01,2.513896188762973694e+01,3.123665192735165164e+01
2.128604553837936536e-03,8.699593917895989681e-02,2.458985865806192805e+01,3.123663742131844145e+01
-5.099544348417105188e-03,7.660951805549481852e-02,2.525445226380000108e+01,3.123666731380252770e+01
3.007985977165377259e-02,8.091900880579236399e-02,2.463024300556944723e+01,3.123667590422061124e+01
-5.301939616786024295e-02,9.372357358438487829e-02,2.516568998130385637e+01,3.123667857853462948e+01
2.183013703844923631e-02,9.012182471501986591e-02,2.518768928009379948e+01,3.123669338687317776e+01
2.492170384995258045e-02,8.158888905415709325e-02,2.479096845447112685e+01,3.123671029457481652e+01
-4.146780464816299250e-02,7.962039924593049267e-02,2.517460797012541818e+01,3.123671872315379971e+01
-6.853751881606975731e-03,7.866831660591616648e-02,2.507813267900006693e+01,3.123670856980687915e+01
-7.428817319915828957e-03,7.264598359159782359e-02,2.483834744314217957e+01,3.123673820158186487e+01
-2.815023389435642592e-02,9.729507554098108801e-02,2.469743359477713796e+01,3.123673935311395056e+01
-1.555633375181750613e-02,7.717650834458070208e-02,2.441121229249822733e+01,3.123675072874097935e+01
-2.221151690931657749e-02,9.181697115874798421e-02,2.510489501418990699e+01,3.123676073196990899e+01
3.504540886847245379e-02,9.409161726248771451e-02,2.453055916859138463e+01,3.123676849757011098e+01
1.871356786294922289e-02,8.808215574607147769e-02,2.502860325983239420e+01,3.123679191707497083e+01
2.543110189988317602e-02,7.299107621169134696e-02,2.492096553517532698e+01,3.123678916282040063e+01
1.443344128086470300e-02,8.054058064915510518e-02,2.520374283263145898e+01,3.123678880453871542e+01
-2.258103542434458308e-02,7.544521913659009427e-02,2.490938635015304214e+01,3.123680606470144028e+01
-1.049040532559547372e-02,6.582207622619778986e-02,2.490116566409587406e+01,3.123682178694716782e+01
9.787491224558362082e-03,7.726276248741047181e-02,2.521956121128648931e+01,3.123684229214784125e+01
-2.444255617783890749e-02,6.137713469856984072e-02,2.510051740872523496e+01,3.123684603094685031e+01
1.425996860344776185e-02,8.418111229076666313e-02,2.509484678715483241e+01,3.123684149464721216e+01
-4.806507963162700431e-03,6.678349066971819847e-02,2.514078027694255724e+01,3.123688485189916619e+01
-7.496416150991950383e-03,7.255530327332380958e-02,2.453932836303786758e+01,3.123687264775310979e+01
1.421919936406982991e-02,7.247946652038364523e-02,2.522703660399609404e+01,3.123689275390738018e+01
8.885266229720795508e-03,6.614939912587038118e-02,2.518374063820408182e+01,3.123688848285566166e+01
-7.219323316381598583e-03,7.368637159621943544e-02,2.469499506142705059e+01,3.123690533359244625e+01
2.318659606728496261e-02,6.214065080820883880e-02,2.492677585789773786e+01,3.123691839468504483e+01
-2.162126655199794745e-02,7.466233032816210757e-02,2.498820781371171051e+01,3.123693218194711463e+01
1.231871213888527557e-02,5.153879550289720141e-02,2.495965096467947930e+01,3.123694057368305366e+01
1.186202515936767531e-02,6.530133846276681142e-02,2.510015798997056180e+01,3.123694872197000194e+01
-6.190928786279806077e-03,8.245565049483860598e-02,2.542941003454935611e+01,3.123694684913268915e+01
6.522660444842359566e-03,5.208188623826871810e-02,2.532453001830185002e+01,3.123695428253958184e+01
-2.502227152770605811e-02,5.431676514929381638e-02,2.460633424197057906e+01,3.123697332607510191e+01
1.848054038413802017e-02,6.523264191290155389e-02,2.518662099709181490e+01,3.123698933128072142e+01
-3.698042728859780599e-03,6.087922131999182890e-02,2.539867999586062197e+01,3.123698777279298966e+01
-1.045446041038079060e-02,6.157019593559627524e-02,2.511604255620676085e+01,3.123701065171965396e+01
2.098018451673778692e-02,6.192707035926683229e-02,2.532729412755578835e+01,3.123702452616745262e+01
-1.408687381085518484e-02,6.234469329937737669e-02,2.560368113371022858e+01,3.123701083679080526e+01
-2.816922592727119298e-02,6.604789622664290760e-02,2.530711286383209568e+01,3.123702163079296312e+01
-3.113258347047807503e-02,5.799380880530677351e-02,2.507479257869252010e+01,3.123703859624941259e+01
1.212019902691279308e-02,5.041924232841980824e-02,2.531352654222542498e+01,3.123705307612668136e+01
-2.560858704992566293e-02,5.848539305821516543e-02,2.504346634992906573e+01,3.123705475432986134e+01
3.509588363968729058e-02,6.967812274577950271e-02,2.500717091298548667e+01,3.123708352202678640e+01
-4.163858815767444016e-02,4.826459440461323969e-02,2.489457572928587936e+01,3.123708424066861511e+01
3.392912736580076805e-02,3.874942062504248275e-02,2.546902400764963303e+01,3.123709039447048141e+01
4.220349344052368168e-03,5.846162895191409081e-02,2.475447140021740111e+01,3.123708564090475903e+01
-1.934262237407847898e-03,4.507562065719404598e-02,2.545971031740343449e+01,3.123709684184183288e+01
-1.089838173617899489e-02,2.343402417754920225e-02,2.514995923712211123e+01,3.123712281009250447e+01
7.982722287041417800e-03,5.250907806496628999e-02,2.458020814755941785e+01,3.123710867404373914e+01
-7.526940484969673337e-04,3.754875354669349324e-02,2.511029478789742697e+01,3.123715012637409671e+01
2.206603764033043119e-02,4.085708839760524708e-02,2.436999204770451399e+01,3.123714841846155466e+01
2.284552973240793101e-03,4.393600236113747587e-02,2.518765240504930958e+01,3.123719243092969577e+01
3.006035229237551901e-03,4.136854707273476123e-02,2.526556944489669831e+01,3.123719307916250543e+01
-7.272244244277117388e-03,4.539917543170726710e-02,2.482229321330438410e+01,3.123717818550930758e+01
-1.138912474421349165e-03,3.278483967505840119e-02,2.503706430878667533e+01,3.123718893662997331e+01
6.156035377841183494e-03,4.109993094621450932e-02,2.558624723012508539e+01,3.123720995581513904e+01
-3.420336785313251443e-02,3.219688449358924787e-02,2.484827598872141863e+01,3.123722703172609982e+01
-2.696370844211426129e-02,4.099842926309676255e-02,2.468232772388302010e+01,3.123720361970942605e+01
1.486528188045430077e-02,3.857665438856767298e-02,2.544449902073877823e+01,3.123721213624534698e+01
3.417308762558837233e-03,2.187611740270313521e-02,2.558877615715923781e+01,3.123723377965194459e+01
-3.679666727053582543e-03,4.089290892292543611e-02,2.500110870155435450e+01,3.123725582737583295e+01
3.686786613078631755e-04,2.347128457608185434e-02,2.530343891062250705e+01,3.123726496873590364e+01
6.951634107233420866e-03,3.570476642071896550e-02,2.540244277465926359e+01,3.123728069771454940e+01
-1.079519360618723042e-02,3.008596006567421099e-02,2.477725473023848579e+01,3.123726800302471318e+01
-1.556609450804625344e-02,4.357964290646383632e-02,2.485440824938963900e+01,3.123726683856136788e+01
3.916905101953631341e-03,2.174387852605508958e-02,2.536926235394642148e+01,3.123730858014194922e+01
-1.956745555230064021e-02,1.926230852642636659e-02,2.550550428361255229e+01,3.123730171803727274e+01
8.165055114289436478e-03,2.133461801563173166e-02,2.516886425805230587e+01,3.123729981512135723e+01
-3.405167208475681079e-02,1.726694737433349947e-02,2.473605569394938541e+01,3.123733145063745908e+01
2.058311274651287298e-02,2.706488352272699849e-02,2.559611833350983190e+01,3.123734793175688296e+01
9.451949648260861078e-03,1.666061031431850109e-03,2.484070873065640939e+01,3.123734877942867882e+01
5.120594686277513130e-03,6.053224465407848823e-03,2.489945866564856303e+01,3.123735542151613842e+01
1.965381967891027815e-02,4.670275973829844662e-03,2.510270135034688721e+01,3.123736840637767642e+01
3.330948888925153173e-02,2.360720911222775886e-02,2.546624812621443112e+01,3.123737629417237471e+01
2.028740130036260983e-02,2.996386325400628159e-02,2.525619279296566688e+01,3.123737651952887973e+01
-3.681748462663290977e-02,1.056479922714839183e-02,2.512445965010857307e+01,3.123739285319323145e+01
-2.559153933471403075e-02,8.670799151324003542e-03,2.513898655903543045e+01,3.123741521279904987e+01
-1.249637155391357737e-02,9.807623899795992611e-03,2.501305440059303820e+01,3.123742321678541245e+01
5.218210042166757318e-04,1.947253018264888044e-02,2.516744185435555181e+01,3.123743168059806052e+01
1.035318040938246024e-02,-2.674381979243581169e-03,2.424113197669170816e+01,3.123743004851517924e+01
-1.451487626306931233e-02,7.727197226653622839e-03,2.491101776227905873e+01,3.123744818496837894e+01
3.735335289541566722e-03,1.383899624189557920e-02,2.507239658047503283e+01,3.123743822934953585e+01
-1.510765864706645201e-02,7.840827507710305955e-03,2.465469577491414910e+01,3.123747178476663677e+01
-1.223035605983896490e-02,3.468120071691672881e-03,2.511589699534346920e+01,3.123749428857707500e+01
-2.813322193696444692e-02,1.032493414644510520e-02,2.493865863370416491e+01,3.123747525867867836e+01
-1.846466492221808531e-02,-2.797573015258189577e-02,2.552664270949464864e+01,3.123749414072326758e+01
-2.703369211232667380e-02,4.577614802686391128e-03,2.547190591756445599e+01,3.123751329106778840e+01
-1.951746505954665353e-02,-9.999278112455801948e-03,2.486025832926454981e+01,3.123753252842634254e+01
2.107283593215679082e-02,-2.302168590379505275e-02,2.495474868652999234e+01,3.123752551775383779e+01
-1.898797777663886049e-02,-8.594204930710011917e-04,2.497781573031748081e+01,3.123753307749670682e+01
5.264764129674781579e-02,6.509994259570974807e-03,2.486450215715211343e+01,3.123753031076857312e+01
9.866358017617784387e-03,-9.855077593827820531e-03,2.505850749520843834e+01,3.123756103438129017e+01
3.696722473897478059e-03,-2.045063648007609119e-04,2.477251537933372205e+01,3.123759042076039805e+01
-1.716715560362427201e-02,5.138411425636483371e-03,2.466081539951874291e+01,3.123758277358461655e+01
1.400619758817982750e-02,9.153920979948805547e-04,2.518681336717008179e+01,3.123758977721021068e+01
-1.151275652475547938e-02,2.918447293055553143e-03,2.518885887526654344e+01,3.123760322082310736e+01
2.440196292907228798e-03,-7.305235551295053212e-03,2.475870527210200223e+01,3.123760988907995895e+01
5.120169076537589570e-02,-1.521515638973895343e-02,2.526860662922878120e+01,3.123761186985627702e+01
-1.921197994492997423e-03,-3.322960639538843908e-02,2.481052668125040128e+01,3.123763823279915641e+01
2.298546652571351739e-02,-2.090830556164864976e-02,2.507594957141139602e+01,3.123764225761523150e+01
-1.406352850251774839e-02,-2.811496009993229295e-02,2.524610320378373629e+01,3.123765017613251871e+01
-6.997698099392339957e-04,7.952338812214874986e-04,2.498991623058888578e+01,3.123765024633972587e+01
3.541601271271020007e-02,-2.390144135647909868e-02,2.513642227364233861e+01,3.123768303507931776e+01
-1.253934115575534858e-02,-2.213542152858028952e-02,2.484507110683372844e+01,3.123768664702745212e+01
3.624897115993857416e-02,-1.907380481498032951e-02,2.494106002497156993e+01,3.123768447079162769e+01
1.415503870910950895e-02,-2.536993247916037586e-02,2.493824217073589722e+01,3.123771001824853855e+01
-1.124933551788535359e-02,-1.006866168407065040e-02,2.477602649603792884e+01,3.123770502429161766e+01
1.264815478111041940e-02,-3.445460566474156661e-02,2.494696775106526587e+01,3.123771217996507588e+01
1.945108899253459797e-02,-2.748651097955570957e-02,2.453541451034087473e+01,3.123772240296882430e+01
1.243619924434392898e-02,-3.805710781765869050e-02,2.485265387585736718e+01,3.123772228931446904e+01
-3.140449439780913093e-02,-4.502759660143785397e-02,2.491453735198910024e+01,3.123775471542380089e+01
-1.454274351649737125e-02,-3.913499594913638635e-02,2.492314607425138462e+01,3.123774168855121403e+01
-4.950372711030094804e-03,-3.457238230305092336e-02,2.492755076623876676e+01,3.123775771556168479e+01
-1.488668582000925817e-03,-3.967433415780630829e-02,2.498147074004196000e+01,3.123775924411991056e+01
1.241344195101356032e-02,-4.347922098126038443e-02,2.514383245542581946e+01,3.123778913930307155e+01
3.554020018665076611e-03,-5.178610106699516047e-02,2.526235512223975732e+01,3.123779849679539566e+01
-2.670688717420202640e-02,-3.971592858542560139e-02,2.480507043194551997e+01,3.123780673303786770e+01
7.603957020119264491e-03,-5.508787035709038910e-02,2.463903974338325753e+01,3.123780957422305349e+01
1.221171490567646289e-02,-3.358956518750313286e-02,2.468738667632706907e+01,3.123781827766246622e+01
1.119580895862079713e-02,-4.150866807630838179e-02,2.485383912364152081e+01,3.123784464369863301e+01
2.161561451109243748e-02,-5.804482311008875295e-02,2.489442360465504578e+01,3.123784449448067946e+01
1.667844309097808037e-02,-4.769076333900618830e-02,2.476900118014076213e+01,3.123786316358321358e+01
9.183601584568733267e-03,-5.324254432381361063e-02,2.461116500072503044e+01,3.123786114751314003e+01
-1.403314229172940514e-03,-4.364430852907419389e-02,2.486316375175774240e+01,3.123788181062742808e+01
-3.321921867031982917e-02,-3.453921176864938741e-02,2.505442798603419163e+01,3.123790303278037328e+01
8.592364382651717508e-03,-6.779551748809942158e-02,2.517850883975066978e+01,3.123790586165800320e+01
4.153753743262223082e-03,-4.898584846728627068e-02,2.483277308406750450e+01,3.123790587586181644e+01
5.431576743907469071e-03,-5.282182075097775764e-02,2.487610065335697129e+01,3.123792257198970290e+01
-2.553497151640618870e-02,-4.558337105707542525e-02,2.472199050734580794e+01,3.123792759334825320e+01
-2.162113080816524882e-02,-5.123280975783525010e-02,2.499056824888756623e+01,3.123794007880184509e+01
2.106305706665807104e-02,-6.194402978054606990e-02,2.474547140974275550e+01,3.123794674388947712e+01
-7.911030771331008281e-04,-5.866582479507780057e-02,2.517193834397236074e+01,3.123795835664794041e+01
1.363001394745248784e-02,-6.447771524457414360e-02,2.446424005241976829e+01,3.123797212093353082e+01
5.663675226092234954e-04,-4.679061389100291207e-02,2.489211109826426238e+01,3.123797006641300555e+01
5.951227899149037900e-04,-5.836169126746446750e-02,2.509033220175752277e+01,3.123797984121172888e+01
1.876567611951995493e-02,-4.057775520585957252e-02,2.505515035489674958e+01,3.123798611457446128e+01
-1.032089456434747907e-02,-6.120169576450096988e-02,2.580791009919414947e+01,3.123799399728895310e+01
1.922415538819667287e-03,-6.867499302582245890e-02,2.510494000737037368e+01,3.123800782717307811e+01
-9.245505774100850477e-03,-7.771416161130879907e-02,2.469878362094739543e+01,3.123803159462506684e+01
-8.689924548646312322e-03,-8.158460534699772670e-02,2.497136072587327860e+01,3.123803107212484420e+01
-6.183442469372787964e-03,-8.036070302392415987e-02,2.446712609996006549e+01,3.123805513614464147e+01
4.442675432674256762e-03,-6.280400333385852130e-02,2.497582007521097225e+01,3.123806034713748758e+01
-9.574972433269546279e-03,-6.133358584826197751e-02,2.475008318289977183e+01,3.123805031495786722e+01
2.511512251147041477e-02,-8.316779970900789465e-02,2.527461708266804763e+01,3.123808654975584176e+01
-1.789214604439007955e-02,-5.932990857555765774e-02,2.483513791762133849e+01,3.123809810798645614e+01
-3.737432883227180796e-03,-7.402449741458898280e-02,2.496497022526142473e+01,3.123809006137324928e+01
-8.794621165483499162e-03,-6.862860355690415803e-02,2.480933264757867818e+01,3.123811420191542965e+01
2.893955768707465875e-02,-5.486588294688857226e-02,2.552165540555600032e+01,3.123811143501762544e+01
3.931095530231492295e-03,-6.290001932819841435e-02,2.490362717016462568e+01,3.123813097670376493e+01
2.063689078937269716e-02,-7.542267063636313995e-02,2.554976711304376025e+01,3.123812735501592996e+01
-2.971120746073943955e-02,-8.250672900256308950e-02,2.524424552863548143e+01,3.123813206893547090e+01
5.341005317385176532e-03,-9.595875860213488873e-02,2.514462001820061587e+01,3.123815617182810556e+01
1.779261591246874066e-02,-8.246615704221957333e-02,2.511061994419525689e+01,3.123816876271053644e+01
1.645679785508483714e-03,-7.820803495444364484e-02,2.511813918946487689e+01,3.123817602320306364e+01
2.130960750130702491e-02,-8.677859592894339447e-02,2.442169822619631603e+01,3.123817815969441725e+01
-1.034576900200744401e-02,-7.901726961915182812e-02,2.491633498175477257e+01,3.123819600100937777e+01
2.818694880371159714e-02,-7.772178535905274743e-02,2.525354739135529769e+01,3.123821269294752412e+01
4.597796247238500333e-02,-8.151204889224918093e-02,2.498533084495776890e+01,3.123821955106969739e+01
-7.256771208793181063e-03,-8.652415807363778022e-02,2.457844304595892737e+01,3.123823182501030260e+01
-8.910050428015436549e-03,-7.908556668771332676e-02,2.498427866482676052e+01,3.123823329884799449e+01
2.906768954235402005e-02,-7.708790765293210834e-02,2.551123165487664579e+01,3.123826171717914946e+01
3.159144291461424975e-02,-9.313360893430933096e-02,2.537406751466041754e+01,3.123824823826663533e+01
-1.045720054306536681e-02,-6.882958735504553227e-02,2.498139879719019163e+01,3.123827487560297200e+01
-8.403736341917145830e-03,-8.462096221942014274e-02,2.528543478311742732e+01,3.123829181891093043e+01
-5.635692177210144434e-03,-8.412952100917373000e-02,2.489004789388958372e+01,3.123829480908092648e+01
-2.688901022068554067e-02,-7.790546788650297427e-02,2.448883852395198346e+01,3.123829797475772807e+01
-1.837303892968396649e-02,-8.331159827669952500e-02,2.472266020356113359e+01,3.123830471702953204e+01
-2.008281533504135616e-02,-7.675498948946055111e-02,2.546886663055245847e+01,3.123833036087650683e+01
-1.535595130208256866e-02,-8.404405750818159937e-02,2.491780207545120973e+01,3.123831577025074679e+01
-6.936977477356235907e-04,-9.365486381418566819e-02,2.492698480618749457e+01,3.123833029875739342e+01
4.684294650730415170e-03,-8.451679595891962993e-02,2.491004854111753630e+01,3.123834602442234498e+01
3.101000985628153683e-02,-1.001564895140669986e-01,2.557124097687190201e+01,3.123837237653757626e+01
-1.996708081477582136e-02,-8.820698875719155951e-02,2.548778767460861872e+01,3.123837379767635980e+01
1.968644796953167644e-02,-9.018411551843130702e-02,2.566563407003443942e+01,3.123837031954241539e+01
-4.279776884510179402e-03,-9.247799691892695517e-02,2.495228643687998371e+01,3.123838689692294679e+01
-9.892741930486589289e-04,-9.221291289577812633e-02,2.508868734662412692e+01,3.123839385676855684e+01
1.349638984333207531e-02,-1.102623503994928922e-01,2.454500723517376315e+01,3.123840290211007442e+01
-2.245444043124597208e-02,-9.743296221643012178e-02,2.544308032783548157e+01,3.123842978889558353e+01
7.648194923681012405e-03,-9.150456894631962823e-02,2.464966613461961842e+01,3.123841628256870351e+01
3.329044164261121819e-03,-9.130713337546224329e-02,2.506503266912879013e+01,3.123845608780855798e+01
9.849025280162982190e-03,-1.036404277703441984e-01,2.467080924171014544e+01,3.123845828229690369e+01
5.783372878156362029e-03,-8.114980428096954523e-02,2.482333995197839016e+01,3.123847090861670495e+01
4.910600279821788344e-02,-1.028969946355768605e-01,2.474882127068509163e+01,3.123846537060487805e+01
-1.275479968502631935e-02,-8.495412696821784404e-02,2.481763742179725440e+01,3.123847850059280873e+01
-1.061993910003635258e-02,-9.077523211129429059e-02,2.483826318905530783e+01,3.123847566848185409e+01
-1.246281052849528698e-02,-1.018928864713128657e-01,2.483551936152247563e+01,3.123849475337592807e+01
-1.110954238320509269e-02,-7.804584230545374979e-02,2.525000017353409376e+01,3.123851493654847289e+01
-1.274774254613035389e-02,-1.080884993422773083e-01,2.466854116208124381e+01,3.123853296063061435e+01
2.378033062215103785e-02,-8.729855513337388129e-02,2.506616242810416040e+01,3.123851892843183364e+01
2.841008495979709808e-02,-8.680697210978205458e-02,2.536538774569166677e+01,3.123853634494063058e+01
-1.141492587498952639e-02,-1.038263773178040583e-01,2.484604109064598276e+01,3.123854848700779741e+01
-1.664711146208457462e-02,-8.348753504323029595e-02,2.478462433277572075e+01,3.123854604210797703e+01
9.428311127728081567e-03,-1.001892526821387686e-01,2.493084261244592525e+01,3.123857591349241858e+01
-1.104446088561942575e-02,-9.506299364531307916e-02,2.535391756250821160e+01,3.123857276009668027e+01
1.265863635511021643e-02,-9.559235554203843188e-02,2.505823228928600699e+01,3.123858804609648843e+01
4.058460417025994312e-03,-9.976876805804232862e-02,2.484063571161772188e+01,3.123859548050628021e+01
-3.031488229994463990e-02,-9.053213093797360389e-02,2.514516299535641153e+01,3.123860210661494108e+01
3.095010402660123422e-02,-9.090425185782514961e-02,2.466931235504907249e+01,3.123861992955014344e+01
3.591755346191043835e-02,-1.165077450815016347e-01,2.520440785313288501e+01,3.123862784390421510e+01
-1.225577380968772417e-02,-8.614664109710616635e-02,2.512258219231053147e+01,3.123863628142117577e+01
-7.754031198719682841e-03,-1.159668869521378043e-01,2.490765745865833480e+01,3.123864271538378290e+01
5.717307814498099640e-03,-8.915270990484196190e-02,2.474842426046583199e+01,3.123866319524670843e+01
6.689135799740500085e-03,-8.833158523563458542e-02,2.473399572331496188e+01,3.123868653617268265e+01
1.317088545345660930e-02,-1.106130062800209923e-01,2.516044520090377290e+01,3.123868139887232687e+01
4.020409077532699493e-02,-1.039004143823701737e-01,2.536869415074671963e+01,3.123869996118214587e+01
-3.538944549880987996e-03,-1.109224577925050081e-01,2.480880767589136227e+01,3.123868609778074656e+01
-1.596594489076907583e-02,-1.020719595224953008e-01,2.513751601106544697e+01,3.123871157761439221e+01
-2.758638456029054511e-02,-1.030446196080804094e-01,2.437389189441937987e+01,3.123870902631681190e+01
-1.461860079883838155e-02,-9.219338185398150143e-02,2.482461468080283851e+01,3.123871523075072432e+01
-6.625394574759418606e-04,-8.689678892166366464e-02,2.499068232013873114e+01,3.123873260628592519e+01
3.589115727035575160e-02,-8.603710471212981659e-02,2.472709497490545161e+01,3.123876191899334387e+01
-1.035222598072342917e-02,-1.055938676928219050e-01,2.471904808756312022e+01,3.123876950015828413e+01
4.475759032777969736e-03,-1.020268323836433788e-01,2.479966613305933265e+01,3.123877243004722004e+01
-3.284579214550414905e-04,-1.167156093449364246e-01,2.508765781849791310e+01,3.123876467299439952e+01
2.376786546896168112e-02,-1.078707378687765311e-01,2.494380129447808869e+01,3.123878803719348340e+01
5.053864851747243148e-02,-9.007853760630871176e-02,2.432853063000250771e+01,3.123880301700008744e+01
-1.061737545840641360e-02,-8.347046283437312142e-02,2.436378995420948002e+01,3.123881175536229193e+01
-9.788788850364443447e-03,-1.118532532638258636e-01,2.481794044664284726e+01,3.123880156206416459e+01
2.088321754138144221e-02,-1.053021353920713804e-01,2.513730597581606574e+01,3.123882109682152119e+01
1.363782979252622929e-02,-9.949355433507064972e-02,2.417574854718242960e+01,3.123883935922235722e+01
3.693414651472066990e-02,-9.626418826874712231e-02,2.485008094715450966e+01,3.123885536290909570e+01
1.167856370651927829e-02,-1.069824631755600525e-01,2.484212564304477411e+01,3.123883803872178788e+01
-7.185841815741190845e-03,-9.445079906067511966e-02,2.541650133346253426e+01,3.123886837876024458e+01
1.181309661384618605e-02,-1.032191687719299783e-01,2.488449345648614042e+01,3.123888143048769805e+01
2.217407161165815474e-02,-9.839908140104559886e-02,2.511489669542227787e+01,3.123889849611988367e+01
1.640964362394728079e-02,-9.254995299218068960e-02,2.504237714202623977e+01,3.123890692857584028e+01
1.014548062214595467e-02,-9.769130119665928036e-02,2.436083005605783924e+01,3.123891582571318892e+01
2.133349379178307859e-02,-1.018466435727191227e-01,2.523046216498952177e+01,3.123891200059493301e+01
2.338591180891345586e-02,-9.829071898448171751e-02,2.506461895163688780e+01,3.123891091997862901e+01
2.764317982075054428e-02,-9.777470791566833519e-02,2.515248059190237839e+01,3.123893606947243029e+01
1.297419775179285348e-02,-1.002723151303567956e-01,2.617787131193089678e+01,3.123896001631825214e+01
-3.342361606337087166e-03,-9.882601155033440832e-02,2.437476611815042205e+01,3.123897393454527460e+01
2.934273728666456863e-03,-7.990219776741783186e-02,2.551740899492833137e+01,3.123897710549102058e+01
2.413017933016713829e-02,-8.991492128041633780e-02,2.491376574417989431e+01,3.123898429340822602e+01
-1.633871341974472285e-02,-9.809925064860929023e-02,2.508619867132090420e+01,3.123899379639648188e+01
7.373466177458023497e-03,-8.778018062693566936e-02,2.498634632640962749e+01,3.123899443881252935e+01
-7.866776246547213872e-03,-9.767820472471824833e-02,2.487272909998058523e+01,3.123900869939706482e+01
5.748964586963497625e-04,-8.218412138611043416e-02,2.482905012152837188e+01,3.123903669069525790e+01
2.556903725214597356e-02,-8.977944374473419142e-02,2.509885262067190226e+01,3.123902057441994273e+01
3.821981360398066761e-03,-9.409459452290278025e-02,2.454484789099849706e+01,3.123905614778790607e+01
9.287309631229762356e-04,-8.807539263406505281e-02,2.522517375025653052e+01,3.123904677971845345e+01
-2.719712281959838635e-02,-1.077776678259713961e-01,2.487514167853442260e+01,3.123907325432108806e+01
1.492507132054441375e-02,-1.028383575391150079e-01,2.466097919828789387e+01,3.123905593184990437e+01
1.290968362282150783e-02,-1.029972204231942023e-01,2.486499614260125668e+01,3.123908585904201018e+01
4.326509446610920379e-02,-8.910141901062265668e-02,2.537714476505877315e+01,3.123908263229863636e+01
-6.155564699060016992e-03,-7.266425505748091984e-02,2.483939947389513136e+01,3.123908584732808080e+01
4.383006553278779617e-03,-6.712071985117645800e-02,2.510753608546288618e+01,3.123911218534042433e+01
4.987673674215105379e-03,-8.248337565082804190e-02,2.478071311728535875e+01,3.123913009471788627e+01
3.154906559526948762e-02,-8.327154652301746451e-02,2.522737655497708431e+01,3.123912155058561524e+01
-1.905910647739041900e-03,-1.056927048648427792e-01,2.520565232163706071e+01,3.123912500984039298e+01
5.580430515406784898e-03,-9.249712801385305549e-02,2.555458264998892304e+01,3.123914908155235537e+01
1.215793019433078492e-02,-9.432271306506892494e-02,2.494733081635023453e+01,3.123915912564671160e+01
3.732182463127162175e-03,-9.201415906808001199e-02,2.520059644142737199e+01,3.123917548319627358e+01
-8.928672291010564949e-03,-8.683435195917908744e-02,2.502942026186168434e+01,3.123918949594571259e+01
3.881799857966151696e-03,-8.920757667255316270e-02,2.538876153455890261e+01,3.123918940584818671e+01
2.147263499719544166e-02,-1.036000579742805960e-01,2.478435028371738014e+01,3.123921855503314760e+01
-2.053030598822120495e-02,-7.563508567039413377e-02,2.522350159386318325e+01,3.123921224234744543e+01
2.659393482937519749e-03,-9.313559586773459409e-02,2.494159081116499621e+01,3.123921653573493984e+01
-1.400241629878346515e-02,-7.929663507817907853e-02,2.498074354686745124e+01,3.123921388432640711e+01
2.390093257849685085e-02,-6.021628963657475048e-02,2.502752574533451124e+01,3.123923737340479434e+01
-3.046373809567549593e-02,-8.940616519136866669e-02,2.507567211892800429e+01,3.123924663613054520e+01
-1.117843694543176752e-02,-1.047577056187077582e-01,2.496513128706341078e+01,3.123926960304796197e+01
7.544237501290417675e-03,-8.154481175596016429e-02,2.506441395495115643e+01,3.123927462483623785e+01
3.131048058468680756e-02,-6.689266220836351251e-02,2.547343541726865368e+01,3.123926820630878254e+01
-1.315005221459756082e-03,-5.752394672766658612e-02,2.529563490568456530e+01,3.123929172254386444e+01
-1.110399053386396800e-02,-8.859587938167702570e-02,2.526074637774906861e+01,3.123930671531171654e+01
3.762314138881180103e-02,-7.051428052371475075e-02,2.486333814219283767e+01,3.123932528031359368e+01
-2.896027800832488147e-02,-7.930332340060587681e-02,2.473322775153150133e+01,3.123932887503967493e+01
-4.397611913240163928e-02,-7.486683670627534981e-02,2.528659016747132426e+01,3.123933760846654195e+01
8.800289001066647840e-03,-4.650937564204864205e-02,2.526281403775893963e+01,3.123934060085994346e+01
-1.004108448705222367e-02,-8.711642517641013383e-02,2.544180120272529422e+01,3.123935388312005301e+01
-2.042465634261426619e-02,-6.867183192815685955e-02,2.481880581220923077e+01,3.123937249504900393e+01
1.416712894598706751e-02,-6.564353619041415899e-02,2.493113540339189527e+01,3.123935667222602319e+01
4.876014275423976724e-03,-5.856271736467882905e-02,2.450815475124236897e+01,3.123937650560672807e+01
-1.128157261473456720e-02,-6.752987751366924807e-02,2.488225866818173770e+01,3.123938227431251136e+01
-2.560608797341788756e-02,-6.450749194122694374e-02,2.529897115317383438e+01,3.123940379153118840e+01
1.744914656560289309e-02,-7.057207699245524046e-02,2.486005138623153954e+01,3.123942230222175453e+01
1.300402355917321985e-02,-6.302136911446785950e-02,2.519214393856024614e+01,3.123941403025713015e+01
-1.983517275587658342e-03,-6.819121091871364893e-02,2.494284906820065828e+01,3.123940609695632276e+01
3.693273992095331970e-02,-5.757997217675076690e-02,2.509721710846646658e+01,3.123943587779254827e+01
-2.140169532652305348e-02,-6.651810309000073806e-02,2.465569258305529843e+01,3.123945913473731650e+01
-3.051050341849477834e-02,-5.806736425259977075e-02,2.502556283489017019e+01,3.123946537629902664e+01
-1.383816139762488948e-02,-6.113758023627166582e-02,2.410265920872978285e+01,3.123947428186247421e+01
-9.117203271099560708e-04,-4.858140613137110903e-02,2.494393115255140358e+01,3.123947720006698248e+01
4.866788986453836514e-03,-5.934333375596542032e-02,2.451085802688545812e+01,3.123947720969263742e+01
-4.824721157126597888e-03,-7.553790063210601147e-02,2.536179835496404422e+01,3.123950515294321661e+01
7.041107930285936400e-03,-4.415739360233092436e-02,2.523322220582935316e+01,3.123950165718190064e+01
-2.503078848380888011e-02,-6.479398063479055447e-02,2.514000129458982258e+01,3.123954184096733400e+01
2.887529208146518908e-02,-6.122555093585099750e-02,2.545630186814781482e+01,3.123953570507208255e+01
-1.643023567851376130e-03,-5.958707726417331041e-02,2.471532504375255002e+01,3.123953419351697391e+01
2.234591663176255238e-02,-3.882017433142398444e-02,2.552420895937466838e+01,3.123954388614752276e+01
6.854506927554082814e-03,-7.284707116386839043e-02,2.527965746927811708e+01,3.123955907055793091e+01
9.135064383075678848e-03,-1.903047024253261971e-02,2.492903341383431481e+01,3.123956760498078111e+01
1.139534560464407903e-02,-3.875703809928709997e-02,2.534068604415488224e+01,3.123959116833775695e+01
8.954171200346298931e-03,-4.598706423891328610e-02,2.466811194627651105e+01,3.123959186416169587e+01
1.285445519735087770e-02,-4.766261091446468562e-02,2.475264575154169933e+01,3.123959268368260922e+01
2.658305060264862935e-02,-4.314489299128464878e-02,2.481742308302808908e+01,3.123962890440684959e+01
3.930423394029402585e-03,-3.966869373625288298e-02,2.484130668758079707e+01,3.123962049308331501e+01
1.418007515177024599e-02,-3.730014518619000075e-02,2.468303270717192532e+01,3.123963768839675836e+01
-1.794713885744534439e-03,-3.706171657720910839e-02,2.536692492012859645e+01,3.123963391773492404e+01
2.880234430898945611e-02,-4.058067129798836187e-02,2.492234367988904964e+01,3.123965363115627625e+01
-1.352784604118539499e-02,-4.230201645147146222e-02,2.510575149050706401e+01,3.123966311109990812e+01
3.601880865821631417e-02,-4.068713810857501473e-02,2.482889459007589750e+01,3.123965110350707874e+01
-8.031590128868682345e-04,-3.996306261588657843e-02,2.445381900983544554e+01,3.123970015275110512e+01
-2.861550204236096295e-02,-2.550983851235452335e-02,2.508101720751742647e+01,3.123970290644460945e+01
2.562088298215785525e-03,-2.973970161861466330e-02,2.442632350737406810e+01,3.123969602804683632e+01
-1.362103314949761682e-02,-6.390123972610203817e-02,2.497940978617435803e+01,3.123969897730259504e+01
1.681287097977448089e-02,-2.675497170890826781e-02,2.458950548835015582e+01,3.123972347561613816e+01
-1.305247958604781842e-02,-3.017797242122665854e-02,2.559618279976924171e+01,3.123973086697699131e+01
-8.923668664295595146e-03,-3.111869370334600232e-02,2.527340881665241668e+01,3.123974355668948277e+01
-3.779081461891062310e-02,-3.361816819760615055e-02,2.503172613738144392e+01,3.123975191577395805e+01
-9.046126384981534319e-03,-1.728852940754499121e-02,2.537911200329639883e+01,3.123976506240989437e+01
-4.847758653257913664e-02,-1.784655073961807781e-02,2.474610520676028003e+01,3.123978447305699291e+01
-3.167805646971446482e-02,-3.383842771944507721e-02,2.516304381360102838e+01,3.123978568103204978e+01
1.520829312288594741e-02,-2.082283257544389685e-02,2.505994313011561303e+01,3.123977950344501053e+01
1.571600317301664537e-02,-3.338968837458101274e-02,2.507920602440010072e+01,3.123981362562852482e+01
8.509151235699294671e-03,-3.624532251164666596e-02,2.538170605003202951e+01,3.123982640614563167e+01
-1.933952286258425884e-02,-2.748878086415063385e-02,2.521974763083393967e+01,3.123985152056734194e+01
-9.542271228395970929e-04,-1.136678379865298585e-02,2.508661709884750834e+01,3.123981876505966682e+01
-7.205078181136808908e-05,-9.225414883823054163e-03,2.450353376913151138e+01,3.123984242882012907e+01
-2.316729378385085428e-02,-1.238879012421409409e-02,2.471198611141615942e+01,3.123982917901296830e+01
3.006796603534301129e-02,-9.028893348029507632e-03,2.496318731992128193e+01,3.123986553149156364e+01
1.754724581151342888e-02,-9.875699310244227813e-03,2.502801171228299637e+01,3.123986451799701669e+01
-4.419283476593279143e-03,-2.020754974949494354e-02,2.466093888259782219e+01,3.123989923445794759e+01
5.377167798906155611e-04,-8.226577571290354107e-03,2.572350300267352452e+01,3.123988225385030049e+01
4.167656158951049856e-03,-3.292791890630534374e-03,2.545491821657607190e+01,3.123988310816961800e+01
-4.083469736848581444e-02,-2.503270487081221858e-03,2.518063549611774476e+01,3.123990528736259265e+01
-4.943547650411938242e-03,3.095242873640215511e-03,2.502161105838512256e+01,3.123990024512228558e+01
-1.363968495995597149e-02,-4.571679862297060512e-04,2.493633730902965340e+01,3.123993751099454386e+01
-2.003240019789831114e-02,-2.770846929032467695e-03,2.471442446199332821e+01,3.123991934916953284e+01
-5.622005857719098235e-03,5.672045346827457070e-03,2.502324415555565906e+01,3.123995028457581213e+01
3.595373053699045529e-02,-4.038001860362435205e-03,2.507732576204282537e+01,3.123993922188180150e+01
1.281685722534019710e-02,-1.133427105121497490e-02,2.462747182735551377e+01,3.123996679702195323e+01
-1.142357979565593665e-02,-2.888531423311875741e-03,2.510025292517346784e+01,3.123999643378155611e+01
1.145165562712317266e-02,-7.449026448064539549e-03,2.495342228535257689e+01,3.123999360647891166e+01
